key,project_name,organization_name,lg_code,prefecture_name,cft_issue_year,cft_issue_date,external_document_uri,review_decision,suggested_it_tag,review_notes
aG9ra2FpZG8vaG9ra2FpZG9fcHJlZi8yMDIzLzIwMjMxMDE5XzAwODE5Cg==,「令和５年度（2023年度）脱炭素型ビジネススタイル転換促進事業委託業務」総合評価一般競争入札の実施について,北海道,01,北海道,2023,2023-10-19T00:00:00+09:00,https://www.pref.hokkaido.lg.jp/kz/zcg/167919.html,,,
Z292My9tb2RfZ3NkZl9lYWVfZWFmaW4vMjAyMy8yMDIzMDQxMV8xMTA1OAo=,ボイラー洗缶整備役務,防衛省陸上自衛隊東部方面会計隊,13,東京都,2023,2023-04-11T00:00:00+09:00,https://www.mod.go.jp/gsdf/eae/kaikei/eafin/R4koukoku/20230425-407A-0030.pdf,,,
Z292My9tb2RfZGloLzIwMjQvMjAyNDAxMjJfMDA4NzgK,【訂正公告】パーテーション設置役務,防衛省情報本部,13,東京都,2024,2024-01-22T00:00:00+09:00,https://www.mod.go.jp/dih/6.1.22-233.pdf,,,
b3Nha2Eva2Fkb21hX2NpdHkvMjAyMy8yMDIzMDYyNl8wMDM4MAo=,門真市立北巣本小学校土地利用履歴調査業務委託,大阪府門真市,27,大阪府,2023,2023-06-26T00:00:00+09:00,https://www.city.kadoma.osaka.jp/material/files/group/81/keltukakouhyou.pdf,,,
Z292Ny9jYnJfbWxpdC8yMDIzLzIwMjMwNDA0XzA0NzM4Cg==,令和５年度 木曽川ダム統管雨量観測所局舎更新,国土交通省中部地方整備局,23,愛知県,2023,2023-04-04T00:00:00+09:00,https://www.cbr.mlit.go.jp/contract/buppin/bukoukoku/r5/230404-uryou-kisodamu.pdf,,,
dG9reW8vdGl0ZWNoX2FjLzIwMjUvMjAyNTA3MThfMDA2OTUK,教育用電子計算機システム移設等作業 1式,国立大学法人東京工業大学,13,東京都,2025,2025-07-18T00:00:00+09:00,http://www.zaimu.titech.ac.jp/keiyaku/kanren/koukoku/wpsys/wp-content/uploads/%E6%95%99%E8%82%B2%E7%94%A8%E9%9B%BB%E5%AD%90%E8%A8%88%E7%AE%97%E6%A9%9F%E3%82%B7%E3%82%B9%E3%83%86%E3%83%A0%E7%A7%BB%E8%A8%AD%E7%AD%89%E4%BD%9C%E6%A5%AD-1%E5%BC%8F_R7.7.18-R7.8.8.pdf,,,
c2VhcmNoL3BfcG9ydGFsLzIwMjQvMDEvMjAyNDAxMTlfMTUwMzIK,門司港湾合同庁舎ほか４庁舎清掃業務委託,財務省,40,福岡県,2024,2024-01-19T00:00:00+09:00,https://www.p-portal.go.jp/pps-web-biz/UAA01/OAA0101,,,
Z292Mi9pbW1pX21vai8yMDIyLzIwMjIxMjEyXzAxNjExCg==,東京出入国在留管理局庁舎警備業務委託契約（PDF：75KB）,出入国在留管理庁東京出入国在留管理局,13,東京都,2022,2022-12-12T00:00:00+09:00,https://www.moj.go.jp/isa/content/001385049.pdf,,,
aG9ra2FpZG8vZW5pd2FfY2l0eS8yMDI1LzIwMjUwNDI1XzAwNDc5Cg==,恵庭市公共下水道事業 中島地区測量委託業務（4月25日告示 4月25日～5月13日）（令和7年4月25日） (PDFファイル: 123.8KB),北海道恵庭市,01,北海道,2025,2025-04-25T00:00:00+09:00,https://www.city.eniwa.hokkaido.jp/material/files/group/8/070425-k4.pdf,,,
Z292MTAvbmVkb19nby8yMDI1LzIwMjUwNjA1XzAwMDQyCg==,2025年分年末調整支援業務,国立研究開発法人新エネルギー・産業技術総合開発機構,14,神奈川県,2025,2025-06-05T00:00:00+09:00,https://www.nedo.go.jp/content/800026315.pdf,,,
aG9ra2FpZG8vaG9ra2FpZG9fcHJlZi8yMDI0LzIwMjQwMzAxXzAxMTM4Cg==,地域自殺対策強化事業（電話相談強化事業）業務委託に係る一般競争入札の実施について,北海道,01,北海道,2024,2024-03-01T00:00:00+09:00,https://www.pref.hokkaido.lg.jp/hf/shf/181485.html,,,
a2FuYWdhd2EvaGFkYW5vX2NpdHkvMjAyMy8yMDIzMTAxMV8wMzE0MAo=,令和５年度住民票等作成委託業務（長期継続契約）,神奈川県秦野市,14,神奈川県,2023,2023-10-11T00:00:00+09:00,https://www.city.hadano.kanagawa.jp/sekkeitosho/2_gaiyou/5053161.pdf,,,
ZnVrdW9rYS9mdWt1b2thX3JvdWRvdWt5b2t1LzIwMjUvMjAyNTA4MDFfMDA3NzAK,大牟田公共職業安定所（令7）電話設備改修工事設計業務委託,厚生労働省福岡労働局,40,福岡県,2025,2025-08-01T00:00:00+09:00,https://jsite.mhlw.go.jp/fukuoka-roudoukyoku/content/contents/002335004.pdf,,,
b3Nha2EvdG95b25ha2FfY2l0eS8yMDI1LzIwMjUxMTExXzAxMDEwCg==,令和7年度水道配水管設計業務委託（No．5）,大阪府豊中市,27,大阪府,2025,2025-11-11T00:00:00+09:00,https://www.city.toyonaka.osaka.jp/jigyosya/keiyaku/koukoku/20251111.files/koukoku-suidouitaku5.pdf,,,
ZnVrdW9rYS9jaXR5LWt1cnVtZS8yMDIzLzIwMjMxMDMwXzAyOTIzCg==,久留米市数値地形図等修正業務委託,福岡県久留米市,40,福岡県,2023,2023-10-30T00:00:00+09:00,https://www.city.kurume.fukuoka.jp/1090sangyou/2010nyuusatsu/3030koukoku/4010nyuusatsu/files/20231109-15.pdf,,,
b3Nha2EvbWlub2hfY2l0eS8yMDIyLzIwMjIwNzA1XzAwMzQ4Cg==,令和4年度箕面市国保ヘルスアップ事業業務委託にかかる一般競争入札の実施について,大阪府箕面市,27,大阪府,2022,2022-07-05T00:00:00+09:00,https://www.city.minoh.lg.jp/keiyaku/ippannkyousounyuusatu/documents/healthup.html,,,
Z292Ny9jYnJfbWxpdC8yMDIyLzIwMjIwMjIxXzA0MDY4Cg==,令和４年度 災害対応等記録編集整理業務,国土交通省中部地方整備局,23,愛知県,2022,2022-02-21T00:00:00+09:00,https://www.cbr.mlit.go.jp/contract/buppin/bukoukoku/r3/220221-saigai-kyoku.pdf,,,
Z292Ni9rYWlob19tbGl0XzAza2Fua3UvMjAyNC8yMDI0MDgyOF8wMTYxNgo=,灯台見回り船はまひかり中検修理,海上保安庁第三管区海上保安本部,14,神奈川県,2024,2024-08-28T00:00:00+09:00,https://www.kaiho.mlit.go.jp/03kanku/nyusatsu/R6_koukoku/sesoko/hune114%20koukoku.pdf,,,
Z292Ni9rYWlob19tbGl0XzA0a2Fua3UvMjAyNC8yMDI0MDEyNF8wMDI2NQo=,R6D単012：用船（名古屋、単契）,海上保安庁第四管区海上保安本部,23,愛知県,2024,2024-01-24T00:00:00+09:00,https://www.kaiho.mlit.go.jp/04kanku/nyusatsu/13ac02fce772eb85eb653de6e542e48ad6993553.pdf,,,
Z292Ny9jYnJfbWxpdC8yMDI1LzIwMjUwNjA1XzA0ODI0Cg==,令和７年度 岐阜国道事務所開通式典業務,国土交通省中部地方整備局,23,愛知県,2025,2025-06-05T00:00:00+09:00,https://www.cbr.mlit.go.jp/contract/buppin/bukoukoku/data/pdf/IhYLswssyp20250604_6.pdf,,,
aG9ra2FpZG8vaGtkX21saXRfZ29fcnVtb2kvMjAyMi8yMDIyMDMxNl8wMDM1Mgo=,8．留萌開発建設部管内事業概要1，500部作成,国土交通省北海道開発局留萌開発建設部,01,北海道,2022,2022-03-16T00:00:00+09:00,https://www.hkd.mlit.go.jp/rm/keiyaku/f6h4sv0000000i3g-att/s2j3ut00000022s7.pdf,,,
a2FuYWdhd2Eva2FuYWdhd2Ffcm91ZG91a3lva3UvMjAyMi8yMDIyMDEyNV8wMTAwNAo=,令和4年度自家用電気工作物保安管理業務委託（14施設）,厚生労働省神奈川労働局,14,神奈川県,2022,2022-01-25T00:00:00+09:00,https://jsite.mhlw.go.jp/kanagawa-roudoukyoku/content/contents/001069585.pdf,,,
c2VhcmNoL3BfcG9ydGFsLzIwMjQvMDQvMjAyNDA0MjZfMjk0OTIK,情報システムに係る各種研修業務委託,財務省,27,大阪府,2024,2024-04-26T00:00:00+09:00,https://www.p-portal.go.jp/pps-web-biz/UAA01/OAA0101,,,
Z292Ni9xc3JfbWxpdC8yMDIyLzIwMjIwNDE0XzA5MDMwCg==,令和４年度登記業務委託（単価契約［土地家屋調査士］,国土交通省九州地方整備局,40,福岡県,2022,2022-04-14T00:00:00+09:00,https://www.qsr.mlit.go.jp/site_files/file/nyusatu_joho/buppin-ekimu-nyuusatukoukoku/R4/e14.pdf,,,
Z292My9tb2RfZ3NkZl9lYWVfZWFmaW4vMjAyMy8yMDIzMTIwNV8xMjc2Mgo=,ラグビー場芝張替え（役務）,防衛省陸上自衛隊東部方面会計隊,13,東京都,2023,2023-12-05T00:00:00+09:00,https://www.mod.go.jp/gsdf/eae/kaikei/eafin/R4koukoku/20231219-GYOU-0510.pdf,,,
c2VhcmNoL3BfcG9ydGFsLzIwMjUvMTAvMjAyNTEwMjlfNTE5NTQK,庁舎Ｄ棟、Ｅ１棟エレベータードアセンサー整備役務,防衛省,13,東京都,2025,2025-10-29T00:00:00+09:00,https://www.p-portal.go.jp/pps-web-biz/UAA01/OAA0101,,,
c2VhcmNoL3BfcG9ydGFsLzIwMjMvMDkvMjAyMzA5MTFfMDc1MzQK,苫小牧港湾合同庁舎来客者用駐車場除排雪業務委託契約,厚生労働省,01,北海道,2023,2023-09-11T00:00:00+09:00,https://www.p-portal.go.jp/pps-web-biz/UAA01/OAA0101,,,
YWljaGkva2Vuc2F0c3VfbmFnb3lhLzIwMjMvMjAyMzAxMTZfMDAwNzUK,入札公告（令和５年度名古屋地方検察庁自動車運行管理業務委託契約）,検察庁名古屋地方検察庁,23,愛知県,2023,2023-01-16T00:00:00+09:00,https://www.kensatsu.go.jp/content/001326614.pdf,,,
aG9ra2FpZG8vaG9ra2FpZG9fcHJlZi8yMDI0LzIwMjQwMjIyXzAxMDY5Cg==,一般競争入札の実施（旭川児童相談所庁舎清掃業務委託）,北海道,01,北海道,2024,2024-02-22T00:00:00+09:00,https://www.pref.hokkaido.lg.jp/hf/asj/103246.html,,,
Z292My9tb2RfZ3NkZl9lYWVfZWFmaW4vMjAyNC8yMDI0MDIxNl8xMzc1MQo=,油水分離槽清掃及び汚泥処理役務ほか２件,防衛省陸上自衛隊東部方面会計隊,13,東京都,2024,2024-02-16T00:00:00+09:00,https://www.mod.go.jp/gsdf/eae/kaikei/eafin/R4koukoku/20240305-433A-0120.pdf,,,
Z292My9tb2QtZ3NkZi1zaWdzY2gvMjAyMy8yMDIzMDIyN18wMDQzNAo=,公告 厨房油水分離槽清掃役務 の一般競争入札について,防衛省陸上自衛隊久里浜駐屯地,14,神奈川県,2023,2023-02-27T00:00:00+09:00,https://www.mod.go.jp/gsdf/sigsch/fin/reiwa4/b2ko.pdf,,,
Z292Ny9ob3VtdWt5b2t1LzIwMjMvMjAyMzA2MjhfMDUxNTUK,福岡法務局が管理する庁舎における施設管理・運営業務委託契約,法務省福岡法務局,40,福岡県,2023,2023-06-28T00:00:00+09:00,https://houmukyoku.moj.go.jp/fukuoka/content/001381851.pdf,,,
Z292L2Vudl9jaHVidS8yMDIyLzIwMjIwNDI1XzAwMTY0Cg==,令和４年度中部地域の脱炭素社会実現に向けた施策等検討委託業務〔総合評価落札方式〕,環境省中部地方環境事務所,23,愛知県,2022,2022-04-25T00:00:00+09:00,http://chubu.env.go.jp/procure/2022/post_239.html,,,
Z292Mi9pbW1pX21vai8yMDIyLzIwMjIwMjA4XzAxMjc1Cg==,【東京出入国在留管理局羽田空港支局】ターミナル間荷物運搬業務委託契約（PDF：76KB）,出入国在留管理庁東京出入国在留管理局,13,東京都,2022,2022-02-08T00:00:00+09:00,https://www.moj.go.jp/isa/content/001365495.pdf,,,
c2VhcmNoL3BfcG9ydGFsLzIwMjUvMDMvMjAyNTAzMjFfMzk2OTcK,令和7年度根釧西部森林管理署収穫調査業務委託８号,農林水産省,01,北海道,2025,2025-03-21T00:00:00+09:00,https://www.p-portal.go.jp/pps-web-biz/UAA01/OAA0101,,,
c2VhcmNoL3BfcG9ydGFsLzIwMjQvMDMvMjAyNDAzMDRfMjQxNTcK,令和６年度京セラ製電子複写機・複合機の保守業務委託（単価契約）（再度公告）,厚生労働省,40,福岡県,2024,2024-03-04T00:00:00+09:00,https://www.p-portal.go.jp/pps-web-biz/UAA01/OAA0101,,,
ZnVrdW9rYS9mdWt1b2thX3NoaXJ5b2t1X3N5b2dhaV9jZW50ZXIvMjAyNS8yMDI1MDIxM18wMDAzNwo=,清掃業務委託入札公告（令和７年２月１３日）,国立障害者リハビリテーションセンター自立支援局福岡視力障害センター,40,福岡県,2025,2025-02-13T00:00:00+09:00,https://www.rehab.go.jp/fukuoka/tyotatu/pdf/r06koukoku_4.pdf,,,
YWljaGkva2FyaXlhX2NpdHkvMjAyNC8yMDI0MDQwNF8wMTQ3Nwo=,（2）市道01−21号線他街路樹管理業務委託 （PDF 162.8KB）,愛知県刈谷市,23,愛知県,2024,2024-04-04T00:00:00+09:00,https://www.city.kariya.lg.jp/_res/projects/default_project/_page_/001/006/236/r6-179.pdf,,,
aG9ra2FpZG8vaG9ra2FpZG9fcHJlZi8yMDIyLzIwMjIxMDI2XzAwMDAzCg==,終了しました：【公告】北方領土サポーター制度周知委託業務に係る一般競争入札の実施,北海道,01,北海道,2022,2022-10-26T00:00:00+09:00,https://www.pref.hokkaido.lg.jp/sm/hrt/129525.html,,,
Z292Ni9rYWlob19tbGl0XzAza2Fua3UvMjAyNC8yMDI0MDQyNl8wMTUzNAo=,監視取締艇定検修理（２０２４−０２）,海上保安庁第三管区海上保安本部,14,神奈川県,2024,2024-04-26T00:00:00+09:00,https://www.kaiho.mlit.go.jp/03kanku/nyusatsu/R6_koukoku/sesoko/hune24koukoku.pdf,,,
b3Nha2Evb3Nha2FfY2l0eS8yMDIzLzIwMjMxMTA4XzAwNjI3Cg==,令和5年度大阪市外国語版ホームページ翻訳業務委託,大阪府大阪市,27,大阪府,2023,2023-11-08T00:00:00+09:00,https://www.city.osaka.lg.jp/templates/buppin_nyusatsuanken/cmsfiles/contents/0000611/611377/02_koukokubun(gaikokugo).pdf,,,
Z292Ny9jYnJfbWxpdC8yMDI1LzIwMjUxMjE4XzA0OTc5Cg==,令和８年度 天竜川上流電気通信施設保守業務,国土交通省中部地方整備局,23,愛知県,2025,2025-12-18T00:00:00+09:00,https://www.cbr.mlit.go.jp/contract/buppin/bukoukoku/data/pdf/YdZOQZV08420251217_25.pdf,,,
Z292MTAvbmVkb19nby8yMDI1LzIwMjUwODAxXzAwMDUwCg==,個室等利用のためのシェアオフィス提供,国立研究開発法人新エネルギー・産業技術総合開発機構,14,神奈川県,2025,2025-08-01T00:00:00+09:00,https://www.nedo.go.jp/content/800029335.pdf,,,
c2VhcmNoL3BfcG9ydGFsLzIwMjUvMDMvMjAyNTAzMTBfMzg2NTIK,令和７年度大阪刑務所職員一般及び特別定期健康診断等業務委託契約,法務省,27,大阪府,2025,2025-03-10T00:00:00+09:00,https://www.p-portal.go.jp/pps-web-biz/UAA01/OAA0101,,,
b3Nha2Evc3VpdGFfY2l0eS8yMDIyLzIwMjIwODE5XzAwOTU5Cg==,古江公園便所設置実施設計委託業務,大阪府吹田市,27,大阪府,2022,2022-08-19T00:00:00+09:00,https://www.city.suita.osaka.jp/var/rev0/0607/7518/koukoku_kisibekituennzyo_sekkei.pdf,,,
a2FuYWdhd2EvY3VzdG9tc195b2tvaGFtYS8yMDIyLzIwMjIwNTE2XzAwMjQwCg==,令和４年度第１回社屋状況等調査業務委託（PDF：149KB）,財務省横浜税関,14,神奈川県,2022,2022-05-16T00:00:00+09:00,https://www.customs.go.jp/kyotsu/chotatsu/nyusatsu/n_yokohama/yok-nyusatsu-r04k486.pdf,,,
b3Nha2EvbmN2Yy8yMDI0LzIwMjQwNDA4XzAxMTY2Cg==,「循環器疾患におけるゲノム医療推進のための全国規模プラットフォームの構築」を実施する分担施設における臨床検体測定業務委託契約にかかる入札について,国立研究開発法人国立循環器病研究センター,27,大阪府,2024,2024-04-08T00:00:00+09:00,https://www.ncvc.go.jp/procurement/tender/procurement_42323/,,,
Z292OS9tb2RfcmRiX2t5dXNodS8yMDIyLzIwMjIwMjI1XzAwNDg3Cg==,令和４年度駐留軍等労働者に対する健康診断等に係る業務委託,防衛省九州防衛局,40,福岡県,2022,2022-02-25T00:00:00+09:00,https://www.mod.go.jp/rdb/kyushu/nyuusatsukoukoku/jimusho/sasebo/040225.pdf,,,
c2VhcmNoL3BfcG9ydGFsLzIwMjMvMTAvMjAyMzEwMjVfMTExMjMK,誘導弾の分散制約最適化問題の解法に係る検討役務,防衛省,13,東京都,2023,2023-10-25T00:00:00+09:00,https://www.p-portal.go.jp/pps-web-biz/UAA01/OAA0101,,,
aG9ra2FpZG8vaG9ra2FpZG9fcHJlZi8yMDIzLzIwMjMxMDE2XzAwODA2Cg==,「北海道新幹線利用促進プロモーション事業委託業務」に係る一般競争入札の実施について,北海道,01,北海道,2023,2023-10-16T00:00:00+09:00,https://www.pref.hokkaido.lg.jp/ss/stk/167515.html,,,
Z292Ny9jYnJfbWxpdC8yMDIzLzIwMjMwMjI0XzA0NjYwCg==,令和５年度 国道１号箱根エコパーキング清掃作業,国土交通省中部地方整備局,23,愛知県,2023,2023-02-24T00:00:00+09:00,https://www.cbr.mlit.go.jp/contract/buppin/bukoukoku/r4/230224-hakone-numazu.pdf,,,
aG9ra2FpZG8vcmlrdXppaG9rdWJ1a2Fpa2VpLzIwMjQvMjAyNDEyMThfMDY0NTkK,給食業務部外委託役務,防衛省陸上自衛隊北部方面会計隊本部,01,北海道,2024,2024-12-18T00:00:00+09:00,https://www.mod.go.jp/gsdf/nae/fin/nafin/pdf/public_n/06/12/061218-376-n-kyuushoku.pdf,,,
dG9reW8vdG9reW9rYW5rdV9raXN5b2RhaS8yMDI1LzIwMjUwMTIxXzAwNzcwCg==,東京航空地方気象台 空港気象ドップラーレーダー局舎建築工事監理業務委託,気象庁東京管区気象台,13,東京都,2025,2025-01-21T00:00:00+09:00,https://www.data.jma.go.jp/tokyo/shosai/kaikei/pdf/PDF06/d0631.pdf,,,
Z292NC9qaWxfZ28vMjAyNC8yMDI0MDgyM18wMDMwMwo=,郵送アンケート調査「人材育成と能力開発の現状と課題に関する調査（企業調査）」実施に係る業務委託（PDF:276KB）,独立行政法人労働政策研究・研修機構,13,東京都,2024,2024-08-23T00:00:00+09:00,https://www.jil.go.jp/information/nyusatsu/document/20240823b.pdf,,,
Z292Ny9jYnJfbWxpdC8yMDIyLzIwMjIwMjA4XzAzOTg3Cg==,令和４年度 中部技術橋梁点検車(歩廊式)点検整備,国土交通省中部地方整備局,23,愛知県,2022,2022-02-08T00:00:00+09:00,https://www.cbr.mlit.go.jp/contract/buppin/bukoukoku/r3/220208-horou-chugi.pdf,,,
Z292My9tb2RfZ3NkZl9lYWVfZWFmaW4vMjAyMi8yMDIyMDgyOV8wOTAwOAo=,［グループ別］ピアノ調律役務ほか,防衛省陸上自衛隊東部方面会計隊,13,東京都,2022,2022-08-29T00:00:00+09:00,https://www.mod.go.jp/gsdf/eae/kaikei/eafin/R4koukoku/20220830-338A-1120.pdf,,,
aG9ra2FpZG8vaG9ra2FpZG9fcHJlZi8yMDI1LzIwMjUwNDA4XzAyMjI0Cg==,【公告】令和6年度ヘルスケア関連産業デジタル技術等活用促進事業委託業務に係る総合評価一般競争入札実施のお知らせ,北海道,01,北海道,2025,2025-04-08T00:00:00+09:00,https://www.pref.hokkaido.lg.jp/kz/ssg/186964.html,,,
c2VhcmNoL3BfcG9ydGFsLzIwMjMvMTAvMjAyMzEwMDVfMDk0NjAK,九州防衛局（５）積算補助役務,防衛省,40,福岡県,2023,2023-10-05T00:00:00+09:00,https://www.p-portal.go.jp/pps-web-biz/UAA01/OAA0101,,,
a2FuYWdhd2EvaGFkYW5vX2NpdHkvMjAyMy8yMDIzMDUxMF8wMjg0Mwo=,令和５年度はだのクリーンセンター周辺環境測定業務委託,神奈川県秦野市,14,神奈川県,2023,2023-05-10T00:00:00+09:00,https://www.city.hadano.kanagawa.jp/sekkeitosho/2_gaiyou/5053072.pdf,,,
YWljaGkva2FyaXlhX2NpdHkvMjAyNC8yMDI0MDQwNF8wMTQ5NAo=,（8）歴史博物館建物清掃業務委託 （PDF 153.6KB）,愛知県刈谷市,23,愛知県,2024,2024-04-04T00:00:00+09:00,https://www.city.kariya.lg.jp/_res/projects/default_project/_page_/001/006/236/r6-120.pdf,,,
c2VhcmNoL3BfcG9ydGFsLzIwMjQvMDMvMjAyNDAzMDhfMjQ2ODAK,【南関局】南関東防衛局(６)住宅防音事業補助役務（その１）,防衛省,14,神奈川県,2024,2024-03-08T00:00:00+09:00,https://www.p-portal.go.jp/pps-web-biz/UAA01/OAA0101,,,
c2VhcmNoL3BfcG9ydGFsLzIwMjUvMDYvMjAyNTA2MjZfNDUyNDMK,収穫調査業務委託（愛知その１）,農林水産省,23,愛知県,2025,2025-06-26T00:00:00+09:00,https://www.p-portal.go.jp/pps-web-biz/UAA01/OAA0101,,,
ZnVrdW9rYS9vbXV0YXNoaS8yMDI0LzIwMjQwNTIyXzAxMTA0Cg==,契約番号5062000013「大牟田市公共下水道事業耐水化計画の見直し業務委託」（PDF：117.2キロバイト）,福岡県大牟田市,40,福岡県,2024,2024-05-22T00:00:00+09:00,https://www.city.omuta.lg.jp/kiji00319160/3_19160_105377_up_dxba7kyj.pdf,,,
ZnVrdW9rYS9mdWt1b2thX3JvdWRvdWt5b2t1LzIwMjUvMjAyNTEwMTVfMDA3ODIK,行橋公共職業安定所（令7）電話設備改修工事設計業務委託,厚生労働省福岡労働局,40,福岡県,2025,2025-10-15T00:00:00+09:00,https://jsite.mhlw.go.jp/fukuoka-roudoukyoku/content/contents/002418858.pdf,,,
b3Nha2Eva2Fkb21hX2NpdHkvMjAyNS8yMDI1MDYzMF8wMDczMQo=,郵送期限：7月14日 旧北小学校跡地周辺地区建物調査業務委託(その4),大阪府門真市,27,大阪府,2025,2025-06-30T00:00:00+09:00,https://www.city.kadoma.osaka.jp/material/files/group/39/kitasyoatotatecho4nyusatsu.zip,,,
c2VhcmNoL3BfcG9ydGFsLzIwMjMvMTAvMjAyMzEwMTBfMDk4ODkK,「令和６年３月高等学校卒業予定者合同求人説明会」外１件開催に伴う会場設営等業務委託,厚生労働省,27,大阪府,2023,2023-10-10T00:00:00+09:00,https://www.p-portal.go.jp/pps-web-biz/UAA01/OAA0101,,,
a2FuYWdhd2EveW9rb2hhbWFfaXJ5b19jZW50ZXIvMjAyNS8yMDI1MDEyOV8wMTIyOQo=,臨床検査(検体)外部委託業務 一式,独立行政法人国立病院機構横浜市南西部地域中核病院横浜医療センター,14,神奈川県,2025,2025-01-29T00:00:00+09:00,https://yokohama.hosp.go.jp/bid_info/./pdf/koukoku_gyoumu_itaku_20250129-1.pdf,,,
b3Nha2EvbmN2Yy8yMDIyLzIwMjIxMjE5XzAxMDAyCg==,ドクターカー運行業務委託契約にかかる入札について,国立研究開発法人国立循環器病研究センター,27,大阪府,2022,2022-12-19T00:00:00+09:00,https://www.ncvc.go.jp/procurement/tender/procurement_36008/,,,
a2FuYWdhd2Evc2FnYW1paGFyYV9ob3NwLzIwMjIvMjAyMjA1MTJfMDAwODEK,院内設備管理業務委託 一式,独立行政法人国立病院機構相模原病院,14,神奈川県,2022,2022-05-12T00:00:00+09:00,https://sagamihara.hosp.go.jp/pdf/nyusatu/2022/20220512_1.pdf,,,
aG9ra2FpZG8vaG9ra2FpZG9oX3JvZnVrdS8yMDIyLzIwMjIwMjAzXzAwMDkyCg==,電話交換手業務委託,独立行政法人労働者健康安全機構北海道中央労災病院,01,北海道,2022,2022-02-03T00:00:00+09:00,https://hokkaidoh.johas.go.jp/other/files/ff037112e28fbbff47162d50635d365fcede22da.pdf,,,
b3Nha2EvY2l0eS1raXNoaXdhZGEvMjAyNC8yMDI0MDUyMl8wMDAwNQo=,【条件付一般競争入札の実施】市民意識調査に係る入力・分析・報告書作成等業務委託,大阪府岸和田市,27,大阪府,2024,2024-05-22T00:00:00+09:00,https://www.city.kishiwada.osaka.jp/uploaded/attachment/141016.pdf,,,
ZnVrdW9rYS9reXVzaHVfaXJ5b19jZW50ZXIvMjAyMi8yMDIyMDcwN18wMDQ3MAo=,建物設備等総合管理業務委託,独立行政法人国立病院機構九州医療センター,40,福岡県,2022,2022-07-07T00:00:00+09:00,http://www.kyumed.jp/about/jimu/history.html?cate=3&id=1060&sess=2,,,
Z292NC9tb2RfbmFpa3lva3UvMjAyMy8yMDIzMDUyM18wMzc1OQo=,各国持回りの国際会議の運営に係る役務,防衛省自衛隊,13,東京都,2023,2023-05-23T00:00:00+09:00,https://www.mod.go.jp/j/budget/chotatsu/naikyoku/nyuusatu/2023/0523c.pdf,,,
aG9ra2FpZG8vcmlrdXppaG9reXUvMjAyMy8yMDIzMDUxMV8wMDYxNgo=,貯油タンク埋設配管等点検役務,防衛省陸上自衛隊北海道補給処,01,北海道,2023,2023-05-11T00:00:00+09:00,https://www.mod.go.jp/gsdf/nae/nadep/nyuusatujouhou/ahqfin/ahqpdf04/koukoku/4.9.30abira-koukoku.pdf,,,
aG9ra2FpZG8vcmlrdXppaG9rdWJ1a2Fpa2VpLzIwMjQvMjAyNDA2MTFfMDQ5NzIK,＃１２警衛所等空調機据付役務,防衛省陸上自衛隊北部方面会計隊本部,01,北海道,2024,2024-06-11T00:00:00+09:00,https://www.mod.go.jp/gsdf/nae/fin/nafin/pdf/public_n/06/06/060611-374-n-12keiei.pdf,,,
Z292My9tb2RfZ3NkZl9lYWVfZWFmaW4vMjAyNS8yMDI1MDUxNV8xODM3NQo=,ばい煙測定検査役務,防衛省陸上自衛隊東部方面会計隊,13,東京都,2025,2025-05-15T00:00:00+09:00,https://www.mod.go.jp/gsdf/eae/kaikei/eafin/R4koukoku/20250529-GYOU-0550.pdf,,,
dG9reW8vbW9kX2dzZGZfZWFkZXBfeW91Z2EvMjAyNC8yMDI0MTAzMF8wMDMyNgo=,医薬品等の輸送役務（クール宅配便） ほか51件,防衛省陸上自衛隊関東補給処用賀支処,13,東京都,2024,2024-10-30T00:00:00+09:00,https://www.mod.go.jp/gsdf/eae/eadep/tyokai/yooga/r3k3koukokuv2.pdf,,,
dG9reW8vd2FtLzIwMjIvMjAyMjExMjlfMDAyMjAK,退職手当共済事業にかかる手続き書類の受付・確認・入力業務及び電話対応業務の業務委託（令和５年度）,独立行政法人福祉医療機構,13,東京都,2022,2022-11-29T00:00:00+09:00,https://www.wam.go.jp/hp/wp-content/uploads/koukoku_20221129.pdf,,,
Z292Ny9jYnJfbWxpdC8yMDIyLzIwMjIwMjA5XzA0MDA3Cg==,令和４年度 単価契約高山国道建設機械修繕,国土交通省中部地方整備局,23,愛知県,2022,2022-02-09T00:00:00+09:00,https://www.cbr.mlit.go.jp/contract/buppin/bukoukoku/r3/220209-kikai-takayama.pdf,,,
aG9ra2FpZG8vaG9ra2FpZG9fcHJlZi8yMDI1LzIwMjUwMjIxXzAxOTg2Cg==,令和7年度北海道立旭川子ども総合療育センター空調衛生設備等運転管理業務委託契約に係る一般競争入札の実施について,北海道,01,北海道,2025,2025-02-21T00:00:00+09:00,https://www.pref.hokkaido.lg.jp/hf/asc/213940.html,,,
ZnVrdW9rYS9mdWt1b2thX3ByZWYvMjAyMy8yMDIzMTIxOV8wMzA0OAo=,「田川工業用水道事業に係る施設の運転保守等に関する業務委託」の一般競争入札について,福岡県,40,福岡県,2023,2023-12-19T00:00:00+09:00,https://www.pref.fukuoka.lg.jp/bid-info/tagawa-20231219.html,,,
Z292Ny9jYnJfbWxpdC8yMDIzLzIwMjMwMTE4XzA0NDQxCg==,令和５年度 車両管理業務（沼津河川国道）,国土交通省中部地方整備局,23,愛知県,2023,2023-01-18T00:00:00+09:00,https://www.cbr.mlit.go.jp/contract/buppin/bukoukoku/r4/230118-sharyo-numazu.pdf,,,
YWljaGkvYW5qb19jaXR5LzIwMjQvMjAyNDAzMjZfMDAwMTcK,安城北部小学校及び明祥中学校校舎改修工事設計業務委託,愛知県安城市,23,愛知県,2024,2024-03-26T00:00:00+09:00,https://www.city.anjo.aichi.jp/zigyo/nyusatsu/keiyaku/hacchuukeiji/documents/2024201036koukoku.pdf,,,
a2FuYWdhd2EvaGFkYW5vX2NpdHkvMjAyMy8yMDIzMDcwNV8wMzAxMgo=,軽自動車税（種別割）納税通知書封入封緘等委託業務（単価契約）（令和５年度債務負担行為設定）,神奈川県秦野市,14,神奈川県,2023,2023-07-05T00:00:00+09:00,https://www.city.hadano.kanagawa.jp/sekkeitosho/2_gaiyou/5053132.pdf,,,
b3Nha2EvbWlub2hfY2l0eS8yMDI1LzIwMjUwNjIwXzAwMDM1Cg==,箕面市子育て支援員研修業務委託にかかる一般競争入札の実施について,大阪府箕面市,27,大阪府,2025,2025-06-20T00:00:00+09:00,https://www.city.minoh.lg.jp/keiyaku/ippannkyousounyuusatu/documents/r7kosodateshienninnkennsyu.html,,,
Z292Ni9xc3JfbWxpdC8yMDI1LzIwMjUwODIyXzExODY5Cg==,令和７年度 延岡登記業務委託（単価契約［土地家屋調査士］）,国土交通省九州地方整備局,40,福岡県,2025,2025-08-22T00:00:00+09:00,https://www.qsr.mlit.go.jp/site_files/file/nyusatu_joho/buppin-ekimu-nyuusatukoukoku/R7/e100.pdf,,,
Z292Ni9rYWlob19tbGl0XzAza2Fua3UvMjAyNS8yMDI1MDEzMV8wMTcxNQo=,鹿島港湾合同庁舎清掃業務,海上保安庁第三管区海上保安本部,14,神奈川県,2025,2025-01-31T00:00:00+09:00,https://www.kaiho.mlit.go.jp/03kanku/nyusatsu/R7_koukoku/tajima/gou4%20koukoku.pdf,,,
Z292NS9vY2FiX21saXQvMjAyMy8yMDIzMDEyNF8wNjI3MQo=,令和５年度徳島空港空港運用業務委託,国土交通省大阪航空局,27,大阪府,2023,2023-01-24T00:00:00+09:00,https://www.cab.mlit.go.jp/wcab/file/78af7b4eedd5d80ed6767887e61177fe24fb2062.pdf,,,
Z292Ny9jYnJfbWxpdC8yMDI1LzIwMjUxMDEwXzA0OTIyCg==,令和７年度 天竜川ダム再編工事事務所ユニットハウス設置,国土交通省中部地方整備局,23,愛知県,2025,2025-10-10T00:00:00+09:00,https://www.cbr.mlit.go.jp/contract/buppin/bukoukoku/data/pdf/poR4CZISHd20251009_37.pdf,,,
Z292Ni9rYWlob19tbGl0XzAza2Fua3UvMjAyNC8yMDI0MDExOF8wMTQ0Nwo=,巡視船いずほか５５隻ＥＰＩＲＢ等点検整備（単価契約）,海上保安庁第三管区海上保安本部,14,神奈川県,2024,2024-01-18T00:00:00+09:00,https://www.kaiho.mlit.go.jp/03kanku/nyusatsu/R6_koukoku/akita/tan2%20koukoku.pdf,,,
ZnVrdW9rYS9reXVzaHVfZ2FuX2NlbnRlci8yMDI0LzIwMjQwNzAxXzAwMjQ0Cg==,ホームページリニューアル業務委託契約 一式,独立行政法人国立病院機構九州がんセンター,40,福岡県,2024,2024-07-01T00:00:00+09:00,https://kyushu-cc.hosp.go.jp/filebox/resources/1719798611_2024070101_nyusatsu.pdf,,,
a2FuYWdhd2EvaGFkYW5vX2NpdHkvMjAyMi8yMDIyMDUyNV8wMjM4MAo=,令和４年度秦野市健康増進計画・はだの自殺対策計画調査等委託業務,神奈川県秦野市,14,神奈川県,2022,2022-05-25T00:00:00+09:00,https://www.city.hadano.kanagawa.jp/sekkeitosho/2_gaiyou/5043091.pdf,,,
aG9ra2FpZG8vaGtkX21saXRfZ29fcnVtb2kvMjAyMi8yMDIyMDkyMV8wMDM5OQo=,4．留萌ダム管理支所 構内除雪業務（単価契約）,国土交通省北海道開発局留萌開発建設部,01,北海道,2022,2022-09-21T00:00:00+09:00,https://www.hkd.mlit.go.jp/rm/keiyaku/f6h4sv0000000i3g-att/s2j3ut00000033el.pdf,,,
b3Nha2Evc3VpdGFfY2l0eS8yMDI0LzIwMjQwOTA2XzAxMDY4Cg==,吹田市川面下水処理場消毒設備実施設計委託業務 （PDF 195.8KB）,大阪府吹田市,27,大阪府,2024,2024-09-06T00:00:00+09:00,https://www.city.suita.osaka.jp/_res/projects/default_project/_page_/001/033/914/0906kokoku_kawazurasyodoku_sekkei.pdf,,,
b3Nha2Eva2Fkb21hX2NpdHkvMjAyMi8yMDIyMDkxMl8wMDIzNwo=,小学校郷土学習用副読本編集・印刷製本等業務委託,大阪府門真市,27,大阪府,2022,2022-09-12T00:00:00+09:00,https://www.city.kadoma.osaka.jp/material/files/group/49/jissiyoryo_R4_syogakko_fukudokuhon_r.pdf,,,
ZnVrdW9rYS9wb2xpY2VfZnVrdW9rYS8yMDIyLzIwMjIwMjI0XzAwOTgxCg==,停止処分者講習等業務委託契約に係る入札について,国家公安委員会（警察庁）福岡県警察,40,福岡県,2022,2022-02-24T00:00:00+09:00,https://www.police.pref.fukuoka.jp/data/open/cnt/3/13673/1/20220224teishikoukoku.pdf,,,
c2VhcmNoL3BfcG9ydGFsLzIwMjMvMTAvMjAyMzEwMTdfMTAyNzYK,政策シミュレーション国際会議（コネクションズ・ジャパン）運営業務委託,防衛省,13,東京都,2023,2023-10-17T00:00:00+09:00,https://www.p-portal.go.jp/pps-web-biz/UAA01/OAA0101,,,
aG9ra2FpZG8vaG9ra2FpZG9fcHJlZi8yMDI0LzIwMjQwMjI2XzAxMDg3Cg==,【告示】令和6年度北海道移住促進プロモーション事業委託業務総合評価一般競争入札の実施について,北海道,01,北海道,2024,2024-02-26T00:00:00+09:00,https://www.pref.hokkaido.lg.jp/ss/ckk/108438.html,,,
aG9ra2FpZG8yL3NpbnJpbmthbnJpa3lva3UvMjAyMy8yMDIzMDcxM18wNzcyOQo=,令和5年度十勝西部森林管理署収穫調査業務委託3号（電子調達対象案件）,林野庁北海道森林管理局,01,北海道,2023,2023-07-13T00:00:00+09:00,https://www.rinya.maff.go.jp/hokkaido/apply/publicsale/tokatiseibu/attach/pdf/230713_1-2.pdf,,,
Z292My9tb2RfZ3NkZl9lYWVfZWFmaW4vMjAyNS8yMDI1MDIxN18xNzQ5Mgo=,樹木剪定等整備役務,防衛省陸上自衛隊東部方面会計隊,13,東京都,2025,2025-02-17T00:00:00+09:00,https://www.mod.go.jp/gsdf/eae/kaikei/eafin/R4koukoku/20250226-341A-1430.pdf,,,
