key,project_name,organization_name,lg_code,prefecture_name,cft_issue_year,cft_issue_date,external_document_uri,sampling_subgroup,matched_subgroups,core_it_delivery,digital_or_ai_adjacent,system_development,system_services,software_applications,operations_maintenance,cloud,cybersecurity,network_infrastructure,end_user_computing,data_digital,artificial_intelligence,review_decision,incorrect_or_boundary_tags,review_notes
b3Nha2Evb3Nha2FfY2l0eS8yMDI1LzIwMjUxMTI2XzAwOTIxCg==,道路橋梁総合管理システムサービス提供業務委託,大阪府大阪市,27,大阪府,2025,2025-11-26T00:00:00+09:00,https://www.city.osaka.lg.jp/templates/buppin_nyusatsuanken/cmsfiles/contents/0000663/663833/00_koukokubun.pdf,system_services,system_services,True,False,False,True,False,False,False,False,False,False,False,False,correct_IT,,"Title clearly indicates IT, software, data, cloud, cybersecurity, network, or AI-related work within the taxonomy scope."
Z292MTMvY2JyX21saXRfY2h1YnVfa293YW4vMjAyMi8yMDIyMDEzMV8wMDA3NAo=,令和4年度 防災情報システムホスティング環境提供業務,国土交通省中部地方整備局港湾空港部,23,愛知県,2022,2022-01-31T00:00:00+09:00,http://www.pa.cbr.mlit.go.jp/file/contract/result/buppin/220131_01koukoku.pdf,system_services,system_services,True,False,False,True,False,False,False,False,False,False,False,False,correct_IT,,"Title clearly indicates IT, software, data, cloud, cybersecurity, network, or AI-related work within the taxonomy scope."
Z292NS9haXN0X3VuaXQvMjAyNS8yMDI1MTIxMF8wNzM5MQo=,Salesforce導入システムにおけるライセンスの提供,国立研究開発法人産業技術総合研究所,13,東京都,2025,2025-12-10T00:00:00+09:00,https://www.aist.go.jp/aist_j/procure/supplyinfo/pub/detail/5EEVF1UH,system_services,system_development|system_services,True,False,True,True,False,False,False,False,False,False,False,False,correct_IT,system_development,"IT-related, but 導入 modifies the existing system name/context; this is license provision rather than system development."
b3Nha2Evb3Nha2FfY2l0eS8yMDIzLzIwMjMwMTE5XzAwNTQ0Cg==,ごみ収集車両運行管理システムサービス提供業務委託【総合評価方式】,大阪府大阪市,27,大阪府,2023,2023-01-19T00:00:00+09:00,https://www.city.osaka.lg.jp/templates/buppin_nyusatsuanken/cmsfiles/contents/0000586/586983/04.koukokubunn.pdf,system_services,system_services,True,False,False,True,False,False,False,False,False,False,False,False,correct_IT,,"Title clearly indicates IT, software, data, cloud, cybersecurity, network, or AI-related work within the taxonomy scope."
Z292NS9haXN0X3VuaXQvMjAyNC8yMDI0MTEyOF8wNzE5OAo=,SalesforceおよびBox導入システムにおけるライセンスの提供およびマルチベンダー開発支援業務 一式,国立研究開発法人産業技術総合研究所,13,東京都,2024,2024-11-28T00:00:00+09:00,https://www.aist.go.jp/aist_j/procure/supplyinfo/pub/detail/89KVKYSW,system_services,system_development|system_services,True,False,True,True,False,False,False,False,False,False,False,False,correct_IT,,"Title clearly indicates IT, software, data, cloud, cybersecurity, network, or AI-related work within the taxonomy scope."
b3Nha2Evb3Nha2FfY2l0eS8yMDI0LzIwMjQwNTI0XzAwNzM4Cg==,大阪市会事務局総合評価一般競争入札の実施について（大阪市会事務局における議員在席表示及び会議開催表示システムサービス提供業務委託 長期継続）,大阪府大阪市,27,大阪府,2024,2024-05-24T00:00:00+09:00,https://www.city.osaka.lg.jp/templates/buppin_nyusatsuanken/cmsfiles/contents/0000627/627643/01_siryou1.pdf,system_services,system_services,True,False,False,True,False,False,False,False,False,False,False,False,correct_IT,,"Title clearly indicates IT, software, data, cloud, cybersecurity, network, or AI-related work within the taxonomy scope."
b3Nha2EvbWlub2hfY2l0eS8yMDIyLzIwMjIwNjE2XzAwMjgzCg==,箕面市教育ICTクラウド（いじめ未然防止システム）構築等業務委託及び箕面市教育ICTクラウド（いじめ未然防止システム）サービス提供等業務委託に係る総合評価落札方式による一般競争入札の実施について,大阪府箕面市,27,大阪府,2022,2022-06-16T00:00:00+09:00,https://www.city.minoh.lg.jp/jidoseito/system.html,system_services,system_development|system_services|cloud,True,False,True,True,False,False,True,False,False,False,False,False,correct_IT,,"Title clearly indicates IT, software, data, cloud, cybersecurity, network, or AI-related work within the taxonomy scope."
Z292Ny9jYnJfbWxpdC8yMDIzLzIwMjMwMjA3XzA0NTU4Cg==,令和５年度 中部技術システムホスティング環境提供業務,国土交通省中部地方整備局,23,愛知県,2023,2023-02-07T00:00:00+09:00,https://www.cbr.mlit.go.jp/contract/buppin/bukoukoku/r4/230207-system-chugi.pdf,system_services,system_services,True,False,False,True,False,False,False,False,False,False,False,False,correct_IT,,"Title clearly indicates IT, software, data, cloud, cybersecurity, network, or AI-related work within the taxonomy scope."
Z292NS9zYW5naWluX2dvLzIwMjMvMjAyMzEwMTFfMDA0OTMK,参議院インターネット審議中継システム外４Webシステム利用環境の提供及びその運用役務一式（一般）(PDF),参議院,13,東京都,2023,2023-10-11T00:00:00+09:00,https://www.sangiin.go.jp/japanese/annai/choutatu/21buppin-ekimu/pdf/231011.pdf,system_services,system_services|operations_maintenance,True,False,False,True,False,True,False,False,False,False,False,False,correct_IT,,"Title clearly indicates IT, software, data, cloud, cybersecurity, network, or AI-related work within the taxonomy scope."
b3Nha2Evb3Nha2FfY2l0eS8yMDI0LzIwMjQwNDEyXzAwNzI3Cg==,学校給食食物アレルギー対応システムサービス提供業務委託,大阪府大阪市,27,大阪府,2024,2024-04-12T00:00:00+09:00,https://www.city.osaka.lg.jp/templates/buppin_nyusatsuanken/cmsfiles/contents/0000624/624910/01nyusatusetumeisho.pdf,system_services,system_services,True,False,False,True,False,False,False,False,False,False,False,False,correct_IT,,"Title clearly indicates IT, software, data, cloud, cybersecurity, network, or AI-related work within the taxonomy scope."
Z292Ny9jYnJfbWxpdC8yMDIyLzIwMjIwMjAxXzAzOTQ3Cg==,令和４年度 中部技術システムホスティング環境提供業務,国土交通省中部地方整備局,23,愛知県,2022,2022-02-01T00:00:00+09:00,https://www.cbr.mlit.go.jp/contract/buppin/bukoukoku/r3/220201-kankyou-chugi.pdf,system_services,system_services,True,False,False,True,False,False,False,False,False,False,False,False,correct_IT,,"Title clearly indicates IT, software, data, cloud, cybersecurity, network, or AI-related work within the taxonomy scope."
dG9reW8vcmlueWFfbWFmZl9nby8yMDI1LzIwMjUxMjI2XzAwMDE4Cg==,令和8年度流通木材の合法性確認システムに係る運用・保守及びクラウドサービス提供業務(PDF : 241KB),林野庁,13,東京都,2025,2025-12-26T00:00:00+09:00,https://www.rinya.maff.go.jp/j/supply/nyusatu/buppin/attach/pdf/system-701.pdf,system_services,system_services|operations_maintenance|cloud,True,False,False,True,False,True,True,False,False,False,False,False,correct_IT,,"Title clearly indicates IT, software, data, cloud, cybersecurity, network, or AI-related work within the taxonomy scope."
Z292NS9haXN0X3VuaXQvMjAyNS8yMDI1MDEwOF8wNzIyNgo=,産総研情報システム環境のゼロトラスト化に係る導入支援業務,国立研究開発法人産業技術総合研究所,13,東京都,2025,2025-01-08T00:00:00+09:00,https://www.aist.go.jp/aist_j/procure/supplyinfo/pub/detail/NLM2LNB0,cybersecurity,system_development|cybersecurity,True,False,True,False,False,False,False,True,False,False,False,False,correct_IT,,"Title clearly indicates IT, software, data, cloud, cybersecurity, network, or AI-related work within the taxonomy scope."
Z292NS9yb2Z1a3UvMjAyNS8yMDI1MDUwN18wMjI1OQo=,2025 年度情報セキュリティ監査、脆弱性診断、標的型メール攻撃訓練業務委託 一式（本部）,独立行政法人労働者健康安全機構,14,神奈川県,2025,2025-05-07T00:00:00+09:00,https://www.johas.go.jp/Portals/0/data0/jigyogaiyo/choutatsu/nyusatsu/0705/nyuusatsu070507(1).pdf,cybersecurity,cybersecurity,True,False,False,False,False,False,False,True,False,False,False,False,correct_IT,,"Title clearly indicates IT, software, data, cloud, cybersecurity, network, or AI-related work within the taxonomy scope."
c2VhcmNoL3BfcG9ydGFsLzIwMjMvMTAvMjAyMzEwMDVfMDk0NjgK,【本省】令和５年度経済産業省情報セキュリティ監査等業務役務請負,経済産業省,13,東京都,2023,2023-10-05T00:00:00+09:00,https://www.p-portal.go.jp/pps-web-biz/UAA01/OAA0101,cybersecurity,cybersecurity,True,False,False,False,False,False,False,True,False,False,False,False,correct_IT,,"Title clearly indicates IT, software, data, cloud, cybersecurity, network, or AI-related work within the taxonomy scope."
Z292NC9tb2RfbmFpa3lva3UvMjAyMi8yMDIyMDcyN18wNDAzNAo=,ＡＳＥＡＮ各国に対する能力構築支援事業（サイバーセキュリティ）の実施に係る支援役務,防衛省自衛隊,13,東京都,2022,2022-07-27T00:00:00+09:00,https://www.mod.go.jp/j/budget/chotatsu/naikyoku/nyuusatu/2022/0727b.pdf,cybersecurity,cybersecurity,True,False,False,False,False,False,False,True,False,False,False,False,uncertain,cybersecurity,Cybersecurity capability-building may be advisory/training rather than technical delivery; title alone is insufficient.
b3Nha2EvbWlub2hfY2l0eS8yMDIzLzIwMjMwOTI5XzAwMTk2Cg==,令和5年度箕面市情報セキュリティ監査業務委託にかかる一般競争入札の実施について,大阪府箕面市,27,大阪府,2023,2023-09-29T00:00:00+09:00,https://www.city.minoh.lg.jp/keiyaku/ippannkyousounyuusatu/documents/5sekyurity.html,cybersecurity,cybersecurity,True,False,False,False,False,False,False,True,False,False,False,False,correct_IT,,"Title clearly indicates IT, software, data, cloud, cybersecurity, network, or AI-related work within the taxonomy scope."
c2VhcmNoL3BfcG9ydGFsLzIwMjQvMDUvMjAyNDA1MjFfMzExOTMK,ＡＳＥＡＮに対する能力構築支援事業（サイバーセキュリティ招へい）に係る支援役務,防衛省,13,東京都,2024,2024-05-21T00:00:00+09:00,https://www.p-portal.go.jp/pps-web-biz/UAA01/OAA0101,cybersecurity,cybersecurity,True,False,False,False,False,False,False,True,False,False,False,False,uncertain,cybersecurity,Invitation/capability-building support may be event or training work rather than technical cybersecurity delivery.
Z292NS9yb2Z1a3UvMjAyNC8yMDI0MDUxN18wMjAwNgo=,2024 年度情報セキュリティ監査、脆弱性診断、標的型メール攻撃訓練業務委託一式（本部）,独立行政法人労働者健康安全機構,14,神奈川県,2024,2024-05-17T00:00:00+09:00,https://www.johas.go.jp/Portals/0/data0/jigyogaiyo/choutatsu/nyusatsu/0605/nyuusatsu060517.pdf,cybersecurity,cybersecurity,True,False,False,False,False,False,False,True,False,False,False,False,correct_IT,,"Title clearly indicates IT, software, data, cloud, cybersecurity, network, or AI-related work within the taxonomy scope."
Z292NS9yb2Z1a3UvMjAyMi8yMDIyMDQxNV8wMTUwOQo=,２０２２年度情報セキュリティ監査、脆弱性診断、標的型メール攻撃 訓練業務委託 一式 （本部）,独立行政法人労働者健康安全機構,14,神奈川県,2022,2022-04-15T00:00:00+09:00,https://www.johas.go.jp/Portals/0/data0/jigyogaiyo/choutatsu/nyusatsu/0404/nyuusatsu040415(1).pdf,cybersecurity,cybersecurity,True,False,False,False,False,False,False,True,False,False,False,False,correct_IT,,"Title clearly indicates IT, software, data, cloud, cybersecurity, network, or AI-related work within the taxonomy scope."
b3Nha2EvbWlub2hfY2l0eS8yMDIyLzIwMjIxMDAzXzAwMzQ2Cg==,令和4年度箕面市情報セキュリティ監査業務委託に係る一般競争入札の実施について,大阪府箕面市,27,大阪府,2022,2022-10-03T00:00:00+09:00,https://www.city.minoh.lg.jp/keiyaku/ippannkyousounyuusatu/documents/jouhoukannsasekyuriti.html,cybersecurity,cybersecurity,True,False,False,False,False,False,False,True,False,False,False,False,correct_IT,,"Title clearly indicates IT, software, data, cloud, cybersecurity, network, or AI-related work within the taxonomy scope."
b3Nha2EvbWlub2hfY2l0eS8yMDI1LzIwMjUxMDAzXzAwMDA1Cg==,令和7年度箕面市情報セキュリティ監査業務委託にかかる一般競争入札の実施について,大阪府箕面市,27,大阪府,2025,2025-10-03T00:00:00+09:00,https://www.city.minoh.lg.jp/keiyaku/ippannkyousounyuusatu/documents/r7jyouhousecuritykansaitaku.html,cybersecurity,cybersecurity,True,False,False,False,False,False,False,True,False,False,False,False,correct_IT,,"Title clearly indicates IT, software, data, cloud, cybersecurity, network, or AI-related work within the taxonomy scope."
Z292NS9yb2Z1a3UvMjAyMy8yMDIzMDQyN18wMTczNQo=,2023 年度情報セキュリティ監査、脆弱性診断、標的型メール攻撃訓練 業務委託 一式（本部）,独立行政法人労働者健康安全機構,14,神奈川県,2023,2023-04-27T00:00:00+09:00,https://www.johas.go.jp/Portals/0/data0/jigyogaiyo/choutatsu/nyusatsu/0504/nyuusatsu050427(1).pdf,cybersecurity,cybersecurity,True,False,False,False,False,False,False,True,False,False,False,False,correct_IT,,"Title clearly indicates IT, software, data, cloud, cybersecurity, network, or AI-related work within the taxonomy scope."
Z292My9tb2RfZ3NkZl9lYWVfZWFmaW4vMjAyNC8yMDI0MDIwMl8xMzQ4Mwo=,小型無人機対処器材ソフトウェアの更新役務,防衛省陸上自衛隊東部方面会計隊,13,東京都,2024,2024-02-02T00:00:00+09:00,https://www.mod.go.jp/gsdf/eae/kaikei/eafin/R4koukoku/20240213-413A-1120.pdf,software_applications,software_applications,True,False,False,False,True,False,False,False,False,False,False,False,correct_IT,,"Title clearly indicates IT, software, data, cloud, cybersecurity, network, or AI-related work within the taxonomy scope."
ZnVrdW9rYS9reXV0ZWNoX3VuaXYvMjAyMi8yMDIyMTIxNF8wMTA4MAo=,レザバー計算用ソフトウェアのクラウド設置基本設計業務および性能評価業務 一式,国立大学法人九州工業大学,40,福岡県,2022,2022-12-14T00:00:00+09:00,https://db.jimu.kyutech.ac.jp/cgi-bin/cbdb/db.cgi/%E5%85%AC%E5%91%8A%EF%BC%89%E3%83%AC%E3%82%B6%E3%83%90%E3%83%BC%E8%A8%88%E7%AE%97%E7%94%A8%E3%82%BD%E3%83%95%E3%83%88%E3%82%A6%E3%82%A7%E3%82%A2%E3%81%AE%E3%82%AF%E3%83%A9%E3%82%A6%E3%83%89%E8%A8%AD%E7%BD%AE%E5%9F%BA%E6%9C%AC%E8%A8%AD%E8%A8%88%E6%A5%AD%E5%8B%99%E3%81%8A%E3%82%88%E3%81%B3%E6%80%A7%E8%83%BD%E8%A9%95%E4%BE%A1%E6%A5%AD%E5%8B%99.pdf?page=DBDownload&did=252&rid=2336&fid=12&ct=1&fileext=.pdf,software_applications,software_applications|cloud,True,False,False,False,True,False,True,False,False,False,False,False,correct_IT,,"Title clearly indicates IT, software, data, cloud, cybersecurity, network, or AI-related work within the taxonomy scope."
Z292My9tb2RfZGloLzIwMjUvMjAyNTAyMjFfMDEwODUK,高性能画像判読ＡＩＣＯＴＳソフトウェアインストール役務,防衛省情報本部,13,東京都,2025,2025-02-21T00:00:00+09:00,https://www.mod.go.jp/dih/7.2.21-255.pdf,software_applications,software_applications|artificial_intelligence,True,False,False,False,True,False,False,False,False,False,False,True,correct_IT,,"Title clearly indicates IT, software, data, cloud, cybersecurity, network, or AI-related work within the taxonomy scope."
b3Nha2EvbWlub2hfY2l0eS8yMDI0LzIwMjQwNTAxXzAwMTU2Cg==,箕面市保育所入所選考等支援ソフトウェア導入等業務委託に係る総合評価入札方式による一般競争入札の実施について,大阪府箕面市,27,大阪府,2024,2024-05-01T00:00:00+09:00,https://www.city.minoh.lg.jp/infancy/nyuusasatu2024.html,software_applications,software_applications,True,False,False,False,True,False,False,False,False,False,False,False,correct_IT,,"Title clearly indicates IT, software, data, cloud, cybersecurity, network, or AI-related work within the taxonomy scope."
b3Nha2Evb3Nha2FfY2l0eS8yMDIzLzIwMjMwMTE5XzAwNTQ1Cg==,令和5年度マイクロソフト社製ソフトウェア等ライセンス取得業務委託（概算契約）,大阪府大阪市,27,大阪府,2023,2023-01-19T00:00:00+09:00,https://www.city.osaka.lg.jp/templates/buppin_nyusatsuanken/cmsfiles/contents/0000589/589994/00_koukokubun.pdf,software_applications,software_applications,True,False,False,False,True,False,False,False,False,False,False,False,correct_IT,,"Title clearly indicates IT, software, data, cloud, cybersecurity, network, or AI-related work within the taxonomy scope."
aG9ra2FpZG8vcmlrdXppaG9rdWJ1a2Fpa2VpLzIwMjQvMjAyNDAyMjBfMDQxODEK,小型無人機対処器材ソフトウェアの更新役務,防衛省陸上自衛隊北部方面会計隊本部,01,北海道,2024,2024-02-20T00:00:00+09:00,https://www.mod.go.jp/gsdf/nae/fin/nafin/pdf/public_n/06/02/060220-okadama-n-kogatamuzinnki.pdf,software_applications,software_applications,True,False,False,False,True,False,False,False,False,False,False,False,correct_IT,,"Title clearly indicates IT, software, data, cloud, cybersecurity, network, or AI-related work within the taxonomy scope."
c2VhcmNoL3BfcG9ydGFsLzIwMjQvMDMvMjAyNDAzMDRfMjQxNjIK,令和６年度福岡国税局におけるアプリケーション開発等支援に係る委託業務,財務省,40,福岡県,2024,2024-03-04T00:00:00+09:00,https://www.p-portal.go.jp/pps-web-biz/UAA01/OAA0101,software_applications,software_applications,True,False,False,False,True,False,False,False,False,False,False,False,correct_IT,,"Title clearly indicates IT, software, data, cloud, cybersecurity, network, or AI-related work within the taxonomy scope."
Z292NC9tb2RfbmFpa3lva3UvMjAyMi8yMDIyMTEyOV8wMzk0Nwo=,人事・給与情報システム アプリケーション保守役務,防衛省自衛隊,13,東京都,2022,2022-11-29T00:00:00+09:00,https://www.mod.go.jp/j/budget/chotatsu/naikyoku/nyuusatu/2022/1129c.pdf,software_applications,software_applications|operations_maintenance,True,False,False,False,True,True,False,False,False,False,False,False,correct_IT,,"Title clearly indicates IT, software, data, cloud, cybersecurity, network, or AI-related work within the taxonomy scope."
Z292NC9tb2RfbmFpa3lva3UvMjAyMy8yMDIzMDEyNl8wMzg4Mgo=,【訂正公告】人事・給与情報システム アプリケーション保守役務,防衛省自衛隊,13,東京都,2023,2023-01-26T00:00:00+09:00,https://www.mod.go.jp/j/budget/chotatsu/naikyoku/nyuusatu/2023/0126e.pdf,software_applications,software_applications|operations_maintenance,True,False,False,False,True,True,False,False,False,False,False,False,correct_IT,,"Title clearly indicates IT, software, data, cloud, cybersecurity, network, or AI-related work within the taxonomy scope."
aG9ra2FpZG8vcmlrdXppaG9rdWJ1a2Fpa2VpLzIwMjUvMjAyNTAyMDdfMDcyOTMK,小型無人機対処器材ソフトウェア更新役務,防衛省陸上自衛隊北部方面会計隊本部,01,北海道,2025,2025-02-07T00:00:00+09:00,https://www.mod.go.jp/gsdf/nae/fin/nafin/pdf/public_n/07/02/070207-374-n-kogata.pdf,software_applications,software_applications,True,False,False,False,True,False,False,False,False,False,False,False,correct_IT,,"Title clearly indicates IT, software, data, cloud, cybersecurity, network, or AI-related work within the taxonomy scope."
Z292Ny9jYnJfbWxpdC8yMDIyLzIwMjIxMDE4XzA0MzI2Cg==,令和４年度 RPAソフトウェアライセンス調達及び操作補助業務,国土交通省中部地方整備局,23,愛知県,2022,2022-10-18T00:00:00+09:00,https://www.cbr.mlit.go.jp/contract/buppin/bukoukoku/r4/221018-rpa-kyoku.pdf,software_applications,software_applications,True,False,False,False,True,False,False,False,False,False,False,False,correct_IT,,"Title clearly indicates IT, software, data, cloud, cybersecurity, network, or AI-related work within the taxonomy scope."
Z292NC9tb2RfbmFpa3lva3UvMjAyNC8yMDI0MDMxOV8wNDM2Ngo=,【訂正公告】ＥＰ−３用地上解析装置のためのＡＩ維持管理検証基盤の維持管理等支援役務,防衛省自衛隊,13,東京都,2024,2024-03-19T00:00:00+09:00,https://www.mod.go.jp/j/budget/chotatsu/naikyoku/nyuusatu/2024/0319a.pdf,artificial_intelligence,artificial_intelligence,False,True,False,False,False,False,False,False,False,False,False,True,correct_IT,high_level:digital_or_ai_adjacent,Technical AI-platform maintenance appears to be core delivery despite matching only the AI-adjacent high-level rule.
Z292NS9haXN0X3VuaXQvMjAyNS8yMDI1MDcwOF8wNzI4MAo=,AIチップ設計拠点のクラウド仮想サーバーシステムの構築,国立研究開発法人産業技術総合研究所,13,東京都,2025,2025-07-08T00:00:00+09:00,https://www.aist.go.jp/aist_j/procure/supplyinfo/pub/detail/BKU13X5D,artificial_intelligence,system_development|cloud|network_infrastructure|artificial_intelligence,True,False,True,False,False,False,True,False,True,False,False,True,correct_IT,,"Title clearly indicates IT, software, data, cloud, cybersecurity, network, or AI-related work within the taxonomy scope."
ZnVrdW9rYS9reXV0ZWNoX3VuaXYvMjAyMi8yMDIyMDUxM18wMTAxMQo=,統合創薬AIプラットフォームのユーザインタフェースの拡張 一式,国立大学法人九州工業大学,40,福岡県,2022,2022-05-13T00:00:00+09:00,https://db.jimu.kyutech.ac.jp/cgi-bin/cbdb/db.cgi/%E5%85%AC%E5%91%8A%EF%BC%89%E7%B5%B1%E5%90%88%E5%89%B5%E8%96%ACAI%E3%83%97%E3%83%A9%E3%83%83%E3%83%88%E3%83%95%E3%82%A9%E3%83%BC%E3%83%A0%E3%81%AE%E3%83%A6%E3%83%BC%E3%82%B6%E3%82%A4%E3%83%B3%E3%82%BF%E3%83%95%E3%82%A7%E3%83%BC%E3%82%B9%E3%81%AE%E6%8B%A1%E5%BC%B5%20%E4%B8%80%E5%BC%8F.pdf?page=DBDownload&did=252&rid=2266&fid=12&ct=1&fileext=.pdf,artificial_intelligence,artificial_intelligence,False,True,False,False,False,False,False,False,False,False,False,True,correct_IT,high_level:digital_or_ai_adjacent,User-interface extension is technical software delivery and should likely be core rather than exclusively AI-adjacent.
c2VhcmNoL3BfcG9ydGFsLzIwMjMvMDcvMjAyMzA3MjBfMDMzNDYK,大規模言語モデルを用いた行動予測に関する検討役務,防衛省,13,東京都,2023,2023-07-20T00:00:00+09:00,https://www.p-portal.go.jp/pps-web-biz/UAA01/OAA0101,artificial_intelligence,artificial_intelligence,False,True,False,False,False,False,False,False,False,False,False,True,correct_IT,,"Title clearly indicates IT, software, data, cloud, cybersecurity, network, or AI-related work within the taxonomy scope."
Z292Ny9jYnJfbWxpdC8yMDIyLzIwMjIwODE3XzA0Mjc5Cg==,令和４年度 河川景観判読ＡＩの高精度化作業,国土交通省中部地方整備局,23,愛知県,2022,2022-08-17T00:00:00+09:00,https://www.cbr.mlit.go.jp/contract/buppin/bukoukoku/r4/220817-ai-chugi.pdf,artificial_intelligence,artificial_intelligence,False,True,False,False,False,False,False,False,False,False,False,True,correct_IT,high_level:digital_or_ai_adjacent,Improving an AI model/system is technical delivery and should likely be core rather than exclusively AI-adjacent.
ZnVrdW9rYS9mdWt1b2thX3ByZWYvMjAyNS8yMDI1MDQyNV8wMzc1OQo=,令和７年度AIアプリを活用した英語授業モデルの構築事業（オンライン英会話システムの活用によるパフォーマンステスト）実施業務委託に係る一般競争入札について,福岡県,40,福岡県,2025,2025-04-25T00:00:00+09:00,https://www.pref.fukuoka.lg.jp/bid-info/onlineenglish.html,artificial_intelligence,system_development|artificial_intelligence,True,False,True,False,False,False,False,False,False,False,False,True,false_positive,system_development|artificial_intelligence,Education-program delivery using an AI app and online-conversation system; the title does not establish technical system or AI delivery.
ZnVrdW9rYS9reXV0ZWNoX3VuaXYvMjAyMy8yMDIzMDEzMV8wMTA5Mwo=,ニューロモルフィックダイナミクスに基づく超低電力エッジAIチップ活用APIのROS化 一式,国立大学法人九州工業大学,40,福岡県,2023,2023-01-31T00:00:00+09:00,https://db.jimu.kyutech.ac.jp/cgi-bin/cbdb/db.cgi/%E5%85%AC%E5%91%8A%EF%BC%89%E3%83%8B%E3%83%A5%E3%83%BC%E3%83%AD%E3%83%A2%E3%83%AB%E3%83%95%E3%82%A3%E3%83%83%E3%82%AF%E3%83%80%E3%82%A4%E3%83%8A%E3%83%9F%E3%82%AF%E3%82%B9%E3%81%AB%E5%9F%BA%E3%81%A5%E3%81%8F%E8%B6%85%E4%BD%8E%E9%9B%BB%E5%8A%9B%E3%82%A8%E3%83%83%E3%82%B8AI%E3%83%81%E3%83%83%E3%83%97%E6%B4%BB%E7%94%A8API%E3%81%AEROS%E5%8C%96%20%E4%B8%80%E5%BC%8F.pdf?page=DBDownload&did=252&rid=2348&fid=12&ct=1&fileext=.pdf,artificial_intelligence,artificial_intelligence,False,True,False,False,False,False,False,False,False,False,False,True,correct_IT,high_level:digital_or_ai_adjacent,API/ROS implementation is technical software delivery and should likely be core rather than exclusively AI-adjacent.
b3Nha2EvbWlub2hfY2l0eS8yMDIyLzIwMjIxMTE3XzAwMjY2Cg==,箕面市AIチャットボット構築及び本格稼働に向けた運用支援業務委託に係る総合評価落札方式による一般競争入札の実施について,大阪府箕面市,27,大阪府,2022,2022-11-17T00:00:00+09:00,https://www.city.minoh.lg.jp/gyoukaku/chatobot.html,artificial_intelligence,artificial_intelligence,False,True,False,False,False,False,False,False,False,False,False,True,correct_IT,high_level:digital_or_ai_adjacent,Chatbot construction and operational support are core technical delivery despite matching only the AI subgroup.
Z292Ny9jYnJfbWxpdC8yMDIzLzIwMjMwMTI3XzA0NDk4Cg==,令和５年度 AI-OCRサービス提供業務,国土交通省中部地方整備局,23,愛知県,2023,2023-01-27T00:00:00+09:00,https://www.cbr.mlit.go.jp/contract/buppin/bukoukoku/r4/230127-ai-kyoku.pdf,artificial_intelligence,artificial_intelligence,False,True,False,False,False,False,False,False,False,False,False,True,correct_IT,high_level:digital_or_ai_adjacent,AI-OCR service provision is a software service and should likely be core rather than exclusively AI-adjacent.
aG9ra2FpZG8yL2hpZ2FzaGlrYWd1cmFfdG93bi8yMDI1LzIwMjUwNzA3XzAwMDAzCg==,東神楽町 AI オンデマンド交通システム導入業務委託公募型プロポーザル実施のお知らせ,北海道東神楽町,01,北海道,2025,2025-07-07T00:00:00+09:00,https://www.town.higashikagura.lg.jp/docs/14757.html,artificial_intelligence,system_development|artificial_intelligence,True,False,True,False,False,False,False,False,False,False,False,True,correct_IT,,"Title clearly indicates IT, software, data, cloud, cybersecurity, network, or AI-related work within the taxonomy scope."
Z292MTAvbmVkb19nby8yMDI1LzIwMjUwNjI2XzAwMDQ2Cg==,「AI・人工知能EXPO2025秋」への出展に係る会場設営・運営業務,国立研究開発法人新エネルギー・産業技術総合開発機構,14,神奈川県,2025,2025-06-26T00:00:00+09:00,https://www.nedo.go.jp/content/800027717.pdf,artificial_intelligence,artificial_intelligence,False,True,False,False,False,False,False,False,False,False,False,True,false_positive,artificial_intelligence,Event booth setup and operation; AI is only the exhibition topic.
Z292NC9tb2RfbmFpa3lva3UvMjAyNS8yMDI1MDQyMl8wNDcxMAo=,クラウド整備指針管理支援役務,防衛省自衛隊,13,東京都,2025,2025-04-22T00:00:00+09:00,https://www.mod.go.jp/j/budget/chotatsu/naikyoku/nyuusatu/2025/0422b.pdf,cloud,cloud,True,False,False,False,False,False,True,False,False,False,False,False,correct_IT,,"Title clearly indicates IT, software, data, cloud, cybersecurity, network, or AI-related work within the taxonomy scope."
Z292NC9tb2RfbmFpa3lva3UvMjAyMy8yMDIzMDMyMl8wMzc5OAo=,防衛省・自衛隊におけるクラウド整備指針及び整備計画作成支援役務,防衛省自衛隊,13,東京都,2023,2023-03-22T00:00:00+09:00,https://www.mod.go.jp/j/budget/chotatsu/naikyoku/nyuusatu/2023/0322a.pdf,cloud,cloud,True,False,False,False,False,False,True,False,False,False,False,False,correct_IT,,"Title clearly indicates IT, software, data, cloud, cybersecurity, network, or AI-related work within the taxonomy scope."
YWljaGkvbmNnZy8yMDIzLzIwMjMxMjA3XzAxMTM5Cg==,EDCシステム新クラウドサーバへの移行に伴うシステム構築、データ移行の業務委託契約,国立研究開発法人国立長寿医療研究センター,23,愛知県,2023,2023-12-07T00:00:00+09:00,https://www.ncgg.go.jp/ncgg-chotatsu/documents/20231207-2.pdf,cloud,system_development|cloud|network_infrastructure|data_digital,True,False,True,False,False,False,True,False,True,False,True,False,correct_IT,,"Title clearly indicates IT, software, data, cloud, cybersecurity, network, or AI-related work within the taxonomy scope."
Z292My9uaG9faG9uYnUvMjAyNC8yMDI0MDkwOV8wMDUxNAo=,スマートフォン・クラウドＰＢＸ導入支援業務委託（PDF：149KB）,独立行政法人国立病院機構,13,東京都,2024,2024-09-09T00:00:00+09:00,https://nho.hosp.go.jp/files/000219935.pdf,cloud,cloud,True,False,False,False,False,False,True,False,False,False,False,False,correct_IT,,"Title clearly indicates IT, software, data, cloud, cybersecurity, network, or AI-related work within the taxonomy scope."
ZnVrdW9rYS9mdWt1b2thX3ByZWYvMjAyMy8yMDIzMDcyNV8wMjg5OAo=,一般競争入札の公告＜福岡県市町村立学校給与等連携クラウドサービス構築業務委託＞について,福岡県,40,福岡県,2023,2023-07-25T00:00:00+09:00,https://www.pref.fukuoka.lg.jp/bid-info/kyoikukyuyo-01.html,cloud,cloud,True,False,False,False,False,False,True,False,False,False,False,False,correct_IT,,"Title clearly indicates IT, software, data, cloud, cybersecurity, network, or AI-related work within the taxonomy scope."
Z292My9tb2RfbmRhX29iYXJhZGFpLzIwMjMvMjAyMzA1MjJfMDM3MTcK,防衛大学校共同利用電子計算機システムへのクラウド型アカウント管理サービス連携機能導入等役務,防衛省防衛大学校,14,神奈川県,2023,2023-05-22T00:00:00+09:00,https://www.mod.go.jp/nda/procurement/anken/010050522203.pdf,cloud,system_development|cloud,True,False,True,False,False,False,True,False,False,False,False,False,correct_IT,,"Title clearly indicates IT, software, data, cloud, cybersecurity, network, or AI-related work within the taxonomy scope."
b3Nha2Evb3Nha2FfY2l0eS8yMDIyLzIwMjIwNDA0XzAwNDM4Cg==,大阪市共通クラウド及び情報系共通基盤の構築・運用保守業務委託,大阪府大阪市,27,大阪府,2022,2022-04-04T00:00:00+09:00,https://www.city.osaka.lg.jp/templates/buppin_nyusatsuanken/cmsfiles/contents/0000563/563788/01_kooukokubunn.pdf,cloud,cloud,True,False,False,False,False,False,True,False,False,False,False,False,correct_IT,,"Title clearly indicates IT, software, data, cloud, cybersecurity, network, or AI-related work within the taxonomy scope."
Z292Ny9jYnJfbWxpdC8yMDIyLzIwMjIwMTI3XzAzOTI5Cg==,令和３年度 閲覧用資料クラウドサービス等調達,国土交通省中部地方整備局,23,愛知県,2022,2022-01-27T00:00:00+09:00,https://www.cbr.mlit.go.jp/contract/buppin/bukoukoku/r3/220127-eturan-kyoku.pdf,cloud,cloud,True,False,False,False,False,False,True,False,False,False,False,False,correct_IT,,"Title clearly indicates IT, software, data, cloud, cybersecurity, network, or AI-related work within the taxonomy scope."
ZnVrdW9rYS9mdWt1b2thX3ByZWYvMjAyNC8yMDI0MDIxM18wMzE3OQo=,一般競争入札の公告＜福岡県市町村立学校給与等連携クラウドサービス運用保守及び新規構築業務委託＞について,福岡県,40,福岡県,2024,2024-02-13T00:00:00+09:00,https://www.pref.fukuoka.lg.jp/bid-info/kyoikukyuyo02.html,cloud,cloud,True,False,False,False,False,False,True,False,False,False,False,False,correct_IT,,"Title clearly indicates IT, software, data, cloud, cybersecurity, network, or AI-related work within the taxonomy scope."
aG9ra2FpZG8vZGF0ZV9jaXR5LzIwMjUvMjAyNTA1MTNfMDAyODcK,電子請求・電子契約クラウドサービス構築業務委託,北海道伊達市,01,北海道,2025,2025-05-13T00:00:00+09:00,https://www.city.date.hokkaido.jp/hotnews/files/00005800/00005873/%E9%9B%BB%E5%AD%90%E8%AB%8B%E6%B1%82%E3%83%BB%E9%9B%BB%E5%AD%90%E5%A5%91%E7%B4%84%E3%82%AF%E3%83%A9%E3%82%A6%E3%83%89%E3%82%B5%E3%83%BC%E3%83%93%E3%82%B9%E6%A7%8B%E7%AF%89%E6%A5%AD%E5%8B%99%E5%A7%94%E8%A8%97.pdf,cloud,cloud,True,False,False,False,False,False,True,False,False,False,False,False,correct_IT,,"Title clearly indicates IT, software, data, cloud, cybersecurity, network, or AI-related work within the taxonomy scope."
Z292NC9tb2RfbmFpa3lva3UvMjAyMi8yMDIyMTIwOV8wMzkzMQo=,防衛省・自衛隊システムにおけるクラウド技術活用のための検討支援等役務,防衛省自衛隊,13,東京都,2022,2022-12-09T00:00:00+09:00,https://www.mod.go.jp/j/budget/chotatsu/naikyoku/nyuusatu/2022/1209b.pdf,cloud,cloud,True,False,False,False,False,False,True,False,False,False,False,False,correct_IT,,"Title clearly indicates IT, software, data, cloud, cybersecurity, network, or AI-related work within the taxonomy scope."
dG9reW8vbW9kX2FzZGZfZnVjaHUvMjAyNS8yMDI1MDUyMl8wMDgwNgo=,データ解析用電子計算機システムのデータ移行等役務,防衛省航空自衛隊府中基地,13,東京都,2025,2025-05-22T00:00:00+09:00,https://www.mod.go.jp/asdf/fuchu/acs/choutatsu/kisho07-k7koukoku.pdf,data_digital,data_digital,False,True,False,False,False,False,False,False,False,False,True,False,correct_IT,high_level:digital_or_ai_adjacent,Computer-system data migration is core technical delivery despite matching only data_digital.
dG9reW8vbmNjX2dvLzIwMjIvMjAyMjA2MDNfMDE1OTcK,ゲノムデータ連携解析基盤の構築・運用 業務委託 一式,国立研究開発法人国立がん研究センター,13,東京都,2022,2022-06-03T00:00:00+09:00,https://www.ncc.go.jp/jp/other/chotatsu/../../chotatsu/tsukiji/././288koukoku.pdf,data_digital,data_digital,False,True,False,False,False,False,False,False,False,False,True,False,correct_IT,high_level:digital_or_ai_adjacent,Data-platform construction and operation are core technical delivery despite matching only data_digital.
Z292My9tb2RfZGloLzIwMjQvMjAyNDA3MjJfMDA5NTQK,地理空間情報支援システム（ＧＥＯＳＳ４）用電算機へのデータ移行役務,防衛省情報本部,13,東京都,2024,2024-07-22T00:00:00+09:00,https://www.mod.go.jp/dih/6.7.22-114.pdf,data_digital,data_digital,False,True,False,False,False,False,False,False,False,False,True,False,correct_IT,high_level:digital_or_ai_adjacent,System/computer data migration is core technical delivery despite matching only data_digital.
Z292NC9qaWxfZ28vMjAyMy8yMDIzMTAxMV8wMDI2NAo=,郵送アンケート調査「ものづくり産業の人材育成・処遇とデジタル化に関する調査」実施に係るデータ作成等業務委託（PDF:329KB）,独立行政法人労働政策研究・研修機構,13,東京都,2023,2023-10-11T00:00:00+09:00,https://www.jil.go.jp/information/nyusatsu/document/20231011a.pdf,data_digital,data_digital,False,True,False,False,False,False,False,False,False,False,True,False,false_positive,data_digital,"Survey administration/data preparation about digitalization, not technical digital or IT delivery."
ZnVrdW9rYS9wb2xpY2VfZnVrdW9rYS8yMDIzLzIwMjMwMTIzXzAxMTIyCg==,交通規制集データ化業務委託契約に係る入札について,国家公安委員会（警察庁）福岡県警察,40,福岡県,2023,2023-01-23T00:00:00+09:00,https://www.police.pref.fukuoka.jp/data/open/cnt/3/15636/1/6koutuukiseishuukoukou.pdf,data_digital,data_digital,False,True,False,False,False,False,False,False,False,False,True,False,correct_IT,,"Title clearly indicates IT, software, data, cloud, cybersecurity, network, or AI-related work within the taxonomy scope."
b3Nha2EvbWlub2hfY2l0eS8yMDIzLzIwMjMwNTIyXzAwMjMzCg==,箕面市住居表示台帳デジタル化業務委託にかかる一般競争入札の実施について,大阪府箕面市,27,大阪府,2023,2023-05-22T00:00:00+09:00,https://www.city.minoh.lg.jp/keiyaku/ippannkyousounyuusatu/documents/r5juukyohyoujidaityoudejitaruka.html,data_digital,data_digital,False,True,False,False,False,False,False,False,False,False,True,False,correct_IT,,"Title clearly indicates IT, software, data, cloud, cybersecurity, network, or AI-related work within the taxonomy scope."
b3Nha2Evb3Nha2FfY2l0eS8yMDIyLzIwMjIwMzA0XzAwNDI2Cg==,自治体DXに伴う就学援助システム標準化対応並びに学校園システム再編成計画策定支援業務委託,大阪府大阪市,27,大阪府,2022,2022-03-04T00:00:00+09:00,https://www.city.osaka.lg.jp/templates/buppin_nyusatsuanken/cmsfiles/contents/0000560/560789/0seigohyou.pdf,data_digital,data_digital,False,True,False,False,False,False,False,False,False,False,True,False,correct_IT,high_level:digital_or_ai_adjacent,"Information-system standardization/reorganization support is likely core IT consulting, not merely digital-adjacent."
ZnVrdW9rYS9wb2xpY2VfZnVrdW9rYS8yMDI1LzIwMjUwMTMwXzAxNDI2Cg==,交通規制集データ化業務委託に係る入札について,国家公安委員会（警察庁）福岡県警察,40,福岡県,2025,2025-01-30T00:00:00+09:00,https://www.police.pref.fukuoka.jp/data/open/cnt/3/19950/1/koukokukoutuukiseisyuudetakagyoumuitaku2025.pdf,data_digital,data_digital,False,True,False,False,False,False,False,False,False,False,True,False,correct_IT,,"Title clearly indicates IT, software, data, cloud, cybersecurity, network, or AI-related work within the taxonomy scope."
b3Nha2Evb3Nha2FfY2l0eS8yMDI0LzIwMjQwNTMwXzAwNzQxCg==,令和6年度技術分野におけるDX人材育成研修業務委託,大阪府大阪市,27,大阪府,2024,2024-05-30T00:00:00+09:00,https://www.city.osaka.lg.jp/templates/buppin_nyusatsuanken/cmsfiles/contents/0000628/628006/01_setumei.docx,data_digital,data_digital,False,True,False,False,False,False,False,False,False,False,True,False,false_positive,data_digital,DX training rather than technical digital delivery; training is a documented boundary exclusion.
a2FuYWdhd2EvaGFkYW5vX2NpdHkvMjAyMy8yMDIzMDgzMF8wMzA5OAo=,令和５年度秦野市埋蔵文化財試掘確認調査デジタル化委託業務,神奈川県秦野市,14,神奈川県,2023,2023-08-30T00:00:00+09:00,https://www.city.hadano.kanagawa.jp/sekkeitosho/2_gaiyou/5053142.pdf,data_digital,data_digital,False,True,False,False,False,False,False,False,False,False,True,False,correct_IT,,"Title clearly indicates IT, software, data, cloud, cybersecurity, network, or AI-related work within the taxonomy scope."
Z292Ny9jYnJfbWxpdC8yMDIyLzIwMjIwNjIzXzA0MjI1Cg==,令和４年度 中部地方整備局 DX 関連研修運営業務,国土交通省中部地方整備局,23,愛知県,2022,2022-06-23T00:00:00+09:00,https://www.cbr.mlit.go.jp/contract/buppin/bukoukoku/r4/220623-dx-kyoku.pdf,data_digital,data_digital,False,True,False,False,False,False,False,False,False,False,True,False,false_positive,data_digital,Training-event operation rather than technical digital delivery.
Z292Mi90Yl9tbGl0X2NodWJ1LzIwMjMvMjAyMzAzMTNfMDAyMDEK,中部運輸局等行政情報ネットワークシステム運用・管理及び保守業務,国土交通省中部運輸局,23,愛知県,2023,2023-03-13T00:00:00+09:00,https://wwwtb.mlit.go.jp/chubu/soumu/nyuusatsu/help_koukoku.pdf,network_infrastructure,operations_maintenance|network_infrastructure,True,False,False,False,False,True,False,False,True,False,False,False,correct_IT,,"Title clearly indicates IT, software, data, cloud, cybersecurity, network, or AI-related work within the taxonomy scope."
Z292My9tb2QtZ3NkZi1zaWdzY2gvMjAyNC8yMDI0MDcxMV8wMDU2Mgo=,公告 移動ネットワークシステム（システム通信）に係る技術支援等役務 の一般競争入札について,防衛省陸上自衛隊久里浜駐屯地,14,神奈川県,2024,2024-07-11T00:00:00+09:00,https://www.mod.go.jp/gsdf/sigsch/fin/reiwa6/b13kou.pdf,network_infrastructure,network_infrastructure,True,False,False,False,False,False,False,False,True,False,False,False,correct_IT,,"Title clearly indicates IT, software, data, cloud, cybersecurity, network, or AI-related work within the taxonomy scope."
dG9reW8vdGl0ZWNoX2FjLzIwMjQvMjAyNDAzMTFfMDAyOTIK,事務用電子計算機システムサーバ群 一式,国立大学法人東京工業大学,13,東京都,2024,2024-03-11T00:00:00+09:00,http://www.zaimu.titech.ac.jp/keiyaku/kanren/koukoku/wpsys/wp-content/uploads/%E4%BA%8B%E5%8B%99%E7%94%A8%E9%9B%BB%E5%AD%90%E8%A8%88%E7%AE%97%E6%A9%9F%E3%82%B7%E3%82%B9%E3%83%86%E3%83%A0%E3%82%B5%E3%83%BC%E3%83%90%E7%BE%A4%20%E4%B8%80%E5%BC%8F_R6.3.11-R6.6.12.pdf,network_infrastructure,network_infrastructure,True,False,False,False,False,False,False,False,True,False,False,False,correct_IT,,"Title clearly indicates IT, software, data, cloud, cybersecurity, network, or AI-related work within the taxonomy scope."
aG9ra2FpZG8vaG9ra2FpZG9fcHJlZi8yMDI0LzIwMjQwNDA0XzAxMjc3Cg==,「令和5年度データセンター集積推進事業（関連企業立地支援）委託業務」総合評価一般競争入札の実施について,北海道,01,北海道,2024,2024-04-04T00:00:00+09:00,https://www.pref.hokkaido.lg.jp/kz/ssg/157808.html,network_infrastructure,network_infrastructure,True,False,False,False,False,False,False,False,True,False,False,False,false_positive,network_infrastructure,"Industry-location promotion concerning data centers, not delivery of data-center or network infrastructure."
aG9ra2FpZG8vaG9ra2FpZG9fcHJlZi8yMDIzLzIwMjMwOTA0XzAwNzE3Cg==,「令和5年度データセンター集積推進事業（セミナー）委託業務」総合評価一般競争入札の実施について,北海道,01,北海道,2023,2023-09-04T00:00:00+09:00,https://www.pref.hokkaido.lg.jp/kz/zcg/159244.html,network_infrastructure,network_infrastructure,True,False,False,False,False,False,False,False,True,False,False,False,false_positive,network_infrastructure,"Seminar delivery about the data-center industry, not technical infrastructure delivery."
b3Nha2EvbWlub2hfY2l0eS8yMDI0LzIwMjQxMjE3XzAwMTAzCg==,R6年度箕面市行政情報ネットワーク機器等調達設置業務委託及びR6年度箕面市行政情報ネットワーク機器等保守業務委託にかかる一般競争入札の実施について,大阪府箕面市,27,大阪府,2024,2024-12-17T00:00:00+09:00,https://www.city.minoh.lg.jp/keiyaku/ippannkyousounyuusatu/documents/r6gyouseijouhounettowa-kukiki.html,network_infrastructure,network_infrastructure,True,False,False,False,False,False,False,False,True,False,False,False,correct_IT,,"Title clearly indicates IT, software, data, cloud, cybersecurity, network, or AI-related work within the taxonomy scope."
b3Nha2EvbWlub2hfY2l0eS8yMDIyLzIwMjIwNjIyXzAwMjgwCg==,箕面市ネットワーク強靭化サーバ等更新等業務委託に係る総合評価落札方式による一般競争入札の実施について,大阪府箕面市,27,大阪府,2022,2022-06-22T00:00:00+09:00,https://www.city.minoh.lg.jp/jigyou/soumu/gyouseijyouhou/kyouzinnka.html,network_infrastructure,network_infrastructure,True,False,False,False,False,False,False,False,True,False,False,False,correct_IT,,"Title clearly indicates IT, software, data, cloud, cybersecurity, network, or AI-related work within the taxonomy scope."
c2VhcmNoL3BfcG9ydGFsLzIwMjQvMDQvMjAyNDA0MDVfMjc3MDQK,【九州地方整備局】物品役務データ集約補完システムサーバ機器１式賃貸借,国土交通省,40,福岡県,2024,2024-04-05T00:00:00+09:00,https://www.p-portal.go.jp/pps-web-biz/UAA01/OAA0101,network_infrastructure,network_infrastructure,True,False,False,False,False,False,False,False,True,False,False,False,correct_IT,,"Title clearly indicates IT, software, data, cloud, cybersecurity, network, or AI-related work within the taxonomy scope."
ZnVrdW9rYS9wb2xpY2VfZnVrdW9rYS8yMDIzLzIwMjMwOTExXzAxMjMwCg==,SKYSEA及びEVEMAサーバ構築・設定業務委託に係る入札について,国家公安委員会（警察庁）福岡県警察,40,福岡県,2023,2023-09-11T00:00:00+09:00,https://www.police.pref.fukuoka.jp/data/open/cnt/3/16991/1/sabarkoukoku.pdf,network_infrastructure,network_infrastructure,True,False,False,False,False,False,False,False,True,False,False,False,correct_IT,,"Title clearly indicates IT, software, data, cloud, cybersecurity, network, or AI-related work within the taxonomy scope."
YWljaGkvYWljaGlfcm91ZG91a3lva3UvMjAyNS8yMDI1MDIwNV8wMDYzOQo=,2/5～3/3公告 令和7年度愛知労働局ネットワーク（IP電話通信網）保守関連業務委託契約,厚生労働省愛知労働局,23,愛知県,2025,2025-02-05T00:00:00+09:00,https://jsite.mhlw.go.jphttps://www.p-portal.go.jp/pps-web-biz/,network_infrastructure,network_infrastructure,True,False,False,False,False,False,False,False,True,False,False,False,correct_IT,,"Title clearly indicates IT, software, data, cloud, cybersecurity, network, or AI-related work within the taxonomy scope."
c2VhcmNoL3BfcG9ydGFsLzIwMjQvMDIvMjAyNDAyMDJfMTgxOTQK,令和６年度愛知労働局ネットワーク（IP電話通信網）保守関連業務委託契約,厚生労働省,23,愛知県,2024,2024-02-02T00:00:00+09:00,https://www.p-portal.go.jp/pps-web-biz/UAA01/OAA0101,network_infrastructure,network_infrastructure,True,False,False,False,False,False,False,False,True,False,False,False,correct_IT,,"Title clearly indicates IT, software, data, cloud, cybersecurity, network, or AI-related work within the taxonomy scope."
ZnVrdW9rYS9wb2xpY2VfZnVrdW9rYS8yMDI1LzIwMjUxMjA5XzAxNTQ4Cg==,街頭防犯カメラシステム機器改修業務委託に係る入札について,国家公安委員会（警察庁）福岡県警察,40,福岡県,2025,2025-12-09T00:00:00+09:00,https://www.police.pref.fukuoka.jp/data/open/cnt/3/22100/1/20251209koukokukamera.pdf,system_development,system_development,True,False,True,False,False,False,False,False,False,False,False,False,uncertain,system_development,CCTV equipment modification may primarily concern physical security equipment rather than software or information systems.
b3Nha2Evb3Nha2FfY2l0eS8yMDIzLzIwMjMwOTEyXzAwNjEzCg==,大阪市準公営企業財務会計システム再構築及び運用保守業務委託,大阪府大阪市,27,大阪府,2023,2023-09-12T00:00:00+09:00,https://www.city.osaka.lg.jp/templates/buppin_nyusatsuanken/cmsfiles/contents/0000607/607413/R5junkoushisutemusaikouchiku.pdf,system_development,system_development|operations_maintenance,True,False,True,False,False,True,False,False,False,False,False,False,correct_IT,,"Title clearly indicates IT, software, data, cloud, cybersecurity, network, or AI-related work within the taxonomy scope."
Z292NS9yb2Z1a3UvMjAyNS8yMDI1MDEyN18wMjIwMwo=,労災疾病等医学研究・開発、普及ネットワークシステム等管理及びコンサルティングに関する業務委託（本部）,独立行政法人労働者健康安全機構,14,神奈川県,2025,2025-01-27T00:00:00+09:00,https://www.johas.go.jp/Portals/0/data0/jigyogaiyo/choutatsu/nyusatsu/0701/nyuusatsu070127(3).pdf,system_development,system_development|network_infrastructure,True,False,True,False,False,False,False,False,True,False,False,False,correct_IT,system_development,IT-related network-system management/consulting; 研究・開発 before ネットワークシステム causes an overly broad development match.
c2VhcmNoL3BfcG9ydGFsLzIwMjQvMDMvMjAyNDAzMDVfMjQzNjkK,ＯＡセンターにおける分析環境の整備・構築に向けた運用支援及びオンサイトによるシステム開発等の技術支援業務委託,財務省,13,東京都,2024,2024-03-05T00:00:00+09:00,https://www.p-portal.go.jp/pps-web-biz/UAA01/OAA0101,system_development,system_development|operations_maintenance,True,False,True,False,False,True,False,False,False,False,False,False,correct_IT,,"Title clearly indicates IT, software, data, cloud, cybersecurity, network, or AI-related work within the taxonomy scope."
Z292NS9tYWZmX2pmYS8yMDIzLzIwMjMwMTI0XzAwMjE0Cg==,令和5年度新たな資源管理システム構築促進事業のうち国際資源の管理体制構築促進事業のうち輸入まぐろ類流通管理事業に係るまぐろ類流通管理データベースの運用・保守及びサーバのOS等バージョンアップ業務の公募について(企画競争)(PDF : 259KB),水産庁,13,東京都,2023,2023-01-24T00:00:00+09:00,https://www.jfa.maff.go.jp/j/gyosei/supply/nyusatu/attach/pdf/ekimu_system-4.pdf,system_development,system_development|operations_maintenance|network_infrastructure,True,False,True,False,False,True,False,False,True,False,False,False,correct_IT,system_development,"Clearly IT operations, but the development match comes from an umbrella program name rather than the procured database/server work."
dG9reW8vbWhsd196ZW5zaG9lbi8yMDI1LzIwMjUwMTEwXzAwNTMwCg==,R07.01.10 医療情報システム導入に係るコンサルティング業務委託 一式（PDF85.92KB）,厚生労働省国立療養所多摩全生園,13,東京都,2025,2025-01-10T00:00:00+09:00,https://www.mhlw.go.jp/seisakunitsuite/bunya/kenkou_iryou/iryou/hansen/zenshoen/nyuusatsu/R07.01.10consulting.pdf,system_development,system_development,True,False,True,False,False,False,False,False,False,False,False,False,correct_IT,,"Title clearly indicates IT, software, data, cloud, cybersecurity, network, or AI-related work within the taxonomy scope."
ZnVrdW9rYS9vbXV0YV9ob3NwLzIwMjMvMjAyMzEwMDZfMDAyNzcK,病院情報システム更新等に係るコンサルティング業務委託,独立行政法人国立病院機構大牟田病院,40,福岡県,2023,2023-10-06T00:00:00+09:00,https://omuta.hosp.go.jp/files/000201682.pdf,system_development,system_development,True,False,True,False,False,False,False,False,False,False,False,False,correct_IT,,"Title clearly indicates IT, software, data, cloud, cybersecurity, network, or AI-related work within the taxonomy scope."
YWljaGkvbmNnZy8yMDI0LzIwMjQwMzA4XzAxMTg5Cg==,Web検査のシステム改修・保守業務委託契約,国立研究開発法人国立長寿医療研究センター,23,愛知県,2024,2024-03-08T00:00:00+09:00,https://www.ncgg.go.jp/ncgg-chotatsu/documents/20240308.pdf,system_development,system_development|operations_maintenance,True,False,True,False,False,True,False,False,False,False,False,False,correct_IT,,"Title clearly indicates IT, software, data, cloud, cybersecurity, network, or AI-related work within the taxonomy scope."
ZnVrdW9rYS9mdWt1b2thX3ByZWYvMjAyNC8yMDI0MDIyN18wMzE5Mwo=,一般競争入札の公告（福岡県新人事システムの開発及び運用保守に係る業務委託契約）,福岡県,40,福岡県,2024,2024-02-27T00:00:00+09:00,https://www.pref.fukuoka.lg.jp/bid-info/nyusatsu-jinji2024.html,system_development,system_development|operations_maintenance,True,False,True,False,False,True,False,False,False,False,False,False,correct_IT,,"Title clearly indicates IT, software, data, cloud, cybersecurity, network, or AI-related work within the taxonomy scope."
aG9ra2FpZG8vaG9ra2FpZG9fcHJlZi8yMDI1LzIwMjUwNjMwXzAyNTYyCg==,道営住宅管理システム再構築委託業務に係る総合評価一般競争入札の実施について,北海道,01,北海道,2025,2025-06-30T00:00:00+09:00,https://www.pref.hokkaido.lg.jp/kn/jtk/223377.html,system_development,system_development,True,False,True,False,False,False,False,False,False,False,False,False,correct_IT,,"Title clearly indicates IT, software, data, cloud, cybersecurity, network, or AI-related work within the taxonomy scope."
c2VhcmNoL3BfcG9ydGFsLzIwMjQvMDMvMjAyNDAzMTFfMjUwODQK,【札幌国税局】電子計算処理に係るシステムの改修等に関する委託業務,財務省,01,北海道,2024,2024-03-11T00:00:00+09:00,https://www.p-portal.go.jp/pps-web-biz/UAA01/OAA0101,system_development,system_development,True,False,True,False,False,False,False,False,False,False,False,False,correct_IT,,"Title clearly indicates IT, software, data, cloud, cybersecurity, network, or AI-related work within the taxonomy scope."
c2VhcmNoL3BfcG9ydGFsLzIwMjQvMDIvMjAyNDAyMjdfMjMyMjYK,プロジェクト管理業務支援システムの運用支援役務（その１）（０５換装）,防衛省,13,東京都,2024,2024-02-27T00:00:00+09:00,https://www.p-portal.go.jp/pps-web-biz/UAA01/OAA0101,operations_maintenance,operations_maintenance,True,False,False,False,False,True,False,False,False,False,False,False,correct_IT,,"Title clearly indicates IT, software, data, cloud, cybersecurity, network, or AI-related work within the taxonomy scope."
Z292MTMvY2JyX21saXRfY2h1YnVfa293YW4vMjAyMi8yMDIyMDMwMl8wMDA4Mwo=,令和4年度 中部地方整備局港湾WANシステムサーバ等機器保守業務,国土交通省中部地方整備局港湾空港部,23,愛知県,2022,2022-03-02T00:00:00+09:00,http://www.pa.cbr.mlit.go.jp/file/contract/result/buppin/220302_01koukoku.pdf,operations_maintenance,operations_maintenance|network_infrastructure,True,False,False,False,False,True,False,False,True,False,False,False,correct_IT,,"Title clearly indicates IT, software, data, cloud, cybersecurity, network, or AI-related work within the taxonomy scope."
Z292NS9tYWZmX2pmYS8yMDIzLzIwMjMwMjE0XzAwMjM3Cg==,令和5年度新たな資源管理システム構築促進事業のうち遊漁採捕量等実態調査事業における遊漁採捕量等報告システムの改修及び運用・保守等業務(PDF : 131KB),水産庁,13,東京都,2023,2023-02-14T00:00:00+09:00,https://www.jfa.maff.go.jp/j/gyosei/supply/nyusatu/attach/pdf/ekimu_system-31.pdf,operations_maintenance,system_development|operations_maintenance,True,False,True,False,False,True,False,False,False,False,False,False,correct_IT,,"Title clearly indicates IT, software, data, cloud, cybersecurity, network, or AI-related work within the taxonomy scope."
b3Nha2Evb3Nha2FfY2l0eS8yMDI1LzIwMjUwMTIyXzAwODEwCg==,保健師活動支援システム構築及び運用保守業務委託,大阪府大阪市,27,大阪府,2025,2025-01-22T00:00:00+09:00,https://www.city.osaka.lg.jp/templates/buppin_nyusatsuanken/cmsfiles/contents/0000644/644520/DX_siryou1.pdf,operations_maintenance,system_development|operations_maintenance,True,False,True,False,False,True,False,False,False,False,False,False,correct_IT,,"Title clearly indicates IT, software, data, cloud, cybersecurity, network, or AI-related work within the taxonomy scope."
a2FuYWdhd2Eva3VyaWhhbWFfaXJ5b19jZW50ZXIvMjAyNS8yMDI1MDMwN18wMDI2OQo=,研修管理システム導入及び運用管理業務委託契約一式,独立行政法人国立病院機構久里浜医療センター,14,神奈川県,2025,2025-03-07T00:00:00+09:00,https://kurihama.hosp.go.jp/about/bid/bid-2025-03-07system.pdf,operations_maintenance,system_development|operations_maintenance,True,False,True,False,False,True,False,False,False,False,False,False,correct_IT,,"Title clearly indicates IT, software, data, cloud, cybersecurity, network, or AI-related work within the taxonomy scope."
ZnVrdW9rYS9wb2xpY2VfZnVrdW9rYS8yMDI0LzIwMjQwMjI2XzAxMzMwCg==,街頭防犯カメラシステム保守点検及び障害対応業務委託に係る入札について,国家公安委員会（警察庁）福岡県警察,40,福岡県,2024,2024-02-26T00:00:00+09:00,https://www.police.pref.fukuoka.jp/data/open/cnt/3/17995/1/boukame20220222koukoku.pdf,operations_maintenance,operations_maintenance,True,False,False,False,False,True,False,False,False,False,False,False,uncertain,operations_maintenance,CCTV maintenance may primarily concern physical security equipment; the title does not separate software/network work.
Z292NS9haXN0X3VuaXQvMjAyNS8yMDI1MDIxOV8wNzI0OAo=,薬品・ガス管理システムの構築及び運用・保守,国立研究開発法人産業技術総合研究所,13,東京都,2025,2025-02-19T00:00:00+09:00,https://www.aist.go.jp/aist_j/procure/supplyinfo/pub/detail/CXFC9FKG,operations_maintenance,system_development|operations_maintenance,True,False,True,False,False,True,False,False,False,False,False,False,correct_IT,,"Title clearly indicates IT, software, data, cloud, cybersecurity, network, or AI-related work within the taxonomy scope."
b3Nha2Eva2lua2ljaHVvX2tva3l1a2lfY2VudGVyLzIwMjIvMjAyMjA2MTRfMDAxNTMK,・令和4年6月14日付 部門システム一式及び7年間の保守業務委託（資料招請）,独立行政法人国立病院機構近畿中央呼吸器センター,27,大阪府,2022,2022-06-14T00:00:00+09:00,https://kcmc.hosp.go.jp/files/000175942.pdf,operations_maintenance,operations_maintenance,True,False,False,False,False,True,False,False,False,False,False,False,correct_IT,,"Title clearly indicates IT, software, data, cloud, cybersecurity, network, or AI-related work within the taxonomy scope."
ZnVrdW9rYS9vbXV0YV9ob3NwLzIwMjUvMjAyNTA5MDFfMDAzMjQK,入札公告（病院情報システム一式及び7年間の保守業務委託）,独立行政法人国立病院機構大牟田病院,40,福岡県,2025,2025-09-01T00:00:00+09:00,https://omuta.hosp.go.jp/profession/bid/b03/pdf/20250901_R7_hoshugyoumu.pdf,operations_maintenance,operations_maintenance,True,False,False,False,False,True,False,False,False,False,False,False,correct_IT,,"Title clearly indicates IT, software, data, cloud, cybersecurity, network, or AI-related work within the taxonomy scope."
Z292My9tb2RfcmRiX3Rva2FpLzIwMjMvMjAyMzAyMjdfMDAwMDQK,・東海防衛支局（５）近畿中部防衛局ＯＡネットワーク・システム（東海防衛支局）の運用支援役務,防衛省東海防衛支局,23,愛知県,2023,2023-02-27T00:00:00+09:00,https://www.mod.go.jp/rdb/tokai/info/kooji/buppin/koukoku/koukoku_R4_oa_netto_050206.pdf,operations_maintenance,operations_maintenance|network_infrastructure,True,False,False,False,False,True,False,False,True,False,False,False,correct_IT,,"Title clearly indicates IT, software, data, cloud, cybersecurity, network, or AI-related work within the taxonomy scope."
Z292NS9yb2Z1a3UvMjAyMi8yMDIyMDMyNF8wMTUwMAo=,病院情報システム一式及び６年間の保守業務委託 （浜松労災病院）,独立行政法人労働者健康安全機構,14,神奈川県,2022,2022-03-24T00:00:00+09:00,https://www.johas.go.jp/Portals/0/data0/jigyogaiyo/choutatsu/nyusatsu/0403/nyuusatsu040324.pdf,operations_maintenance,operations_maintenance,True,False,False,False,False,True,False,False,False,False,False,False,correct_IT,,"Title clearly indicates IT, software, data, cloud, cybersecurity, network, or AI-related work within the taxonomy scope."
