key,project_name,organization_name,lg_code,prefecture_name,cft_issue_year,cft_issue_date,external_document_uri,old_taxonomy_version,old_it_related,old_core_it_delivery,old_digital_or_ai_adjacent,old_matched_subgroups,old_subgroup_count,new_taxonomy_version,new_it_related,new_core_it_delivery,new_digital_or_ai_adjacent,new_matched_subgroups,new_subgroup_count,change_types,review_decision,review_notes
Z292My9uaG9faG9uYnUvMjAyMi8yMDIyMDEyNV8wMDMwNgo=,医療材料費、医薬品費に係るベンチマークシステムの利用及び総合コンサルティング業務委託（PDF：174KB）,独立行政法人国立病院機構,13,東京都,2022,2022-01-25T00:00:00+09:00,https://nho.hosp.go.jp/files/000168184.pdf,1.0.0,False,False,False,,0,1.1.0-candidate,True,True,False,system_services,1,newly_matched|subgroup_changed|high_level_changed,approved_addition,"Title-level review confirms system use/relocation, geospatial data work, website delivery, or explicit information-system planning within the revised scope."
a2FuYWdhd2EvaGFkYW5vX2NpdHkvMjAyMi8yMDIyMDQwNl8wMjIzMgo=,秦野市・伊勢原市共同消防指令センター（仮称）消防総合指令システム・消防救急デジタル無線整備調達支援及び監理委託業務（令和４年度債務負担行為設定）,神奈川県秦野市,14,神奈川県,2022,2022-04-06T00:00:00+09:00,https://www.city.hadano.kanagawa.jp/sekkeitosho/2_gaiyou/5042005.pdf,1.0.0,False,False,False,,0,1.1.0-candidate,True,True,False,it_consulting_planning,1,newly_matched|subgroup_changed|high_level_changed,approved_addition,"Title-level review confirms system use/relocation, geospatial data work, website delivery, or explicit information-system planning within the revised scope."
Z292Ny9jYnJfbWxpdC8yMDIyLzIwMjIwMTIxXzAzOTA3Cg==,令和４年度 単価契約ホームページ等更新業務,国土交通省中部地方整備局,23,愛知県,2022,2022-01-21T00:00:00+09:00,https://www.cbr.mlit.go.jp/contract/buppin/bukoukoku/r3/220121-hp-kyoku.pdf,1.0.0,False,False,False,,0,1.1.0-candidate,True,True,False,software_applications,1,newly_matched|subgroup_changed|high_level_changed,approved_addition,"Title-level review confirms system use/relocation, geospatial data work, website delivery, or explicit information-system planning within the revised scope."
Z292Ny9jYnJfbWxpdC8yMDIyLzIwMjIwODA0XzA0Mjc0Cg==,令和４年度 紀勢国道事務所ホームページ作成業務,国土交通省中部地方整備局,23,愛知県,2022,2022-08-04T00:00:00+09:00,https://www.cbr.mlit.go.jp/contract/buppin/bukoukoku/r4/220804-hp-kisei.pdf,1.0.0,False,False,False,,0,1.1.0-candidate,True,True,False,software_applications,1,newly_matched|subgroup_changed|high_level_changed,approved_addition,"Title-level review confirms system use/relocation, geospatial data work, website delivery, or explicit information-system planning within the revised scope."
Z292Ny9jYnJfbWxpdC8yMDIyLzIwMjIxMDI1XzA0MzMyCg==,令和４年度 飯田国道ホームページ作成業務,国土交通省中部地方整備局,23,愛知県,2022,2022-10-25T00:00:00+09:00,https://www.cbr.mlit.go.jp/contract/buppin/bukoukoku/r4/221025-hp-iida.pdf,1.0.0,False,False,False,,0,1.1.0-candidate,True,True,False,software_applications,1,newly_matched|subgroup_changed|high_level_changed,approved_addition,"Title-level review confirms system use/relocation, geospatial data work, website delivery, or explicit information-system planning within the revised scope."
ZnVrdW9rYS9reXVzaHVfaXJ5b19jZW50ZXIvMjAyMi8yMDIyMDMyMl8wMDQ1Mwo=,ホームページリニューアル業務委託,独立行政法人国立病院機構九州医療センター,40,福岡県,2022,2022-03-22T00:00:00+09:00,http://www.kyumed.jp/about/jimu/history.html?cate=3&id=1039&sess=2,1.0.0,False,False,False,,0,1.1.0-candidate,True,True,False,software_applications,1,newly_matched|subgroup_changed|high_level_changed,approved_addition,"Title-level review confirms system use/relocation, geospatial data work, website delivery, or explicit information-system planning within the revised scope."
Z292My9uaG9faG9uYnUvMjAyMy8yMDIzMDIwMl8wMDM3Nwo=,医療材料費、医薬品費に係るベンチマークシステムの利用及び総合コンサルティング業務委託（PDF：226KB）,独立行政法人国立病院機構,13,東京都,2023,2023-02-02T00:00:00+09:00,https://nho.hosp.go.jp/files/000188925.pdf,1.0.0,False,False,False,,0,1.1.0-candidate,True,True,False,system_services,1,newly_matched|subgroup_changed|high_level_changed,approved_addition,"Title-level review confirms system use/relocation, geospatial data work, website delivery, or explicit information-system planning within the revised scope."
c2VhcmNoL3BfcG9ydGFsLzIwMjMvMTAvMjAyMzEwMTNfMTAxMTIK,防衛省ＯＡシステム基盤端末及び防衛情報通信基盤端末等移設役務,防衛省,13,東京都,2023,2023-10-13T00:00:00+09:00,https://www.p-portal.go.jp/pps-web-biz/UAA01/OAA0101,1.0.0,False,False,False,,0,1.1.0-candidate,True,True,False,network_infrastructure,1,newly_matched|subgroup_changed|high_level_changed,approved_addition,"Title-level review confirms system use/relocation, geospatial data work, website delivery, or explicit information-system planning within the revised scope."
c2VhcmNoL3BfcG9ydGFsLzIwMjMvMTEvMjAyMzExMjBfMTMzMjQK,防衛省ＯＡシステム基盤端末及び防衛情報通信基盤端末等移設役務,防衛省,13,東京都,2023,2023-11-20T00:00:00+09:00,https://www.p-portal.go.jp/pps-web-biz/UAA01/OAA0101,1.0.0,False,False,False,,0,1.1.0-candidate,True,True,False,network_infrastructure,1,newly_matched|subgroup_changed|high_level_changed,approved_addition,"Title-level review confirms system use/relocation, geospatial data work, website delivery, or explicit information-system planning within the revised scope."
Z292Ny9jYnJfbWxpdC8yMDIzLzIwMjMwMTIwXzA0NDc0Cg==,令和５年度 単価契約ホームページ等更新業務,国土交通省中部地方整備局,23,愛知県,2023,2023-01-20T00:00:00+09:00,https://www.cbr.mlit.go.jp/contract/buppin/bukoukoku/r4/230120-hp-kyoku.pdf,1.0.0,False,False,False,,0,1.1.0-candidate,True,True,False,software_applications,1,newly_matched|subgroup_changed|high_level_changed,approved_addition,"Title-level review confirms system use/relocation, geospatial data work, website delivery, or explicit information-system planning within the revised scope."
b3Nha2Evb3Nha2FfY2l0eS8yMDIzLzIwMjMwMzIwXzAwNTc5Cg==,大阪市住民記録システム及び印鑑登録システム標準化対応業務委託,大阪府大阪市,27,大阪府,2023,2023-03-20T00:00:00+09:00,https://www.city.osaka.lg.jp/templates/buppin_nyusatsuanken/cmsfiles/contents/0000595/595369/shiryou1.pdf,1.0.0,False,False,False,,0,1.1.0-candidate,True,True,False,it_consulting_planning,1,newly_matched|subgroup_changed|high_level_changed,approved_addition,"Title-level review confirms system use/relocation, geospatial data work, website delivery, or explicit information-system planning within the revised scope."
ZnVrdW9rYS9jaXR5LWt1cnVtZS8yMDIzLzIwMjMxMDMwXzAyOTIzCg==,久留米市数値地形図等修正業務委託,福岡県久留米市,40,福岡県,2023,2023-10-30T00:00:00+09:00,https://www.city.kurume.fukuoka.jp/1090sangyou/2010nyuusatsu/3030koukoku/4010nyuusatsu/files/20231109-15.pdf,1.0.0,False,False,False,,0,1.1.0-candidate,True,False,True,data_digital,1,newly_matched|subgroup_changed|high_level_changed,approved_addition,"Title-level review confirms system use/relocation, geospatial data work, website delivery, or explicit information-system planning within the revised scope."
Z292NS9uaG9fa2FudG9zaGluZXRzdS8yMDI0LzIwMjQxMTE5XzAwMDIwCg==,ホームページリニューアル業務委託,独立行政法人国立病院機構関東信越グループ,13,東京都,2024,2024-11-19T00:00:00+09:00,https://kanshin.hosp.go.jp/doc/group/hp_renewal_itaku.pdf,1.0.0,False,False,False,,0,1.1.0-candidate,True,True,False,software_applications,1,newly_matched|subgroup_changed|high_level_changed,approved_addition,"Title-level review confirms system use/relocation, geospatial data work, website delivery, or explicit information-system planning within the revised scope."
c2VhcmNoL3BfcG9ydGFsLzIwMjQvMDUvMjAyNDA1MTNfMzA0NzcK,次期ＯＡ－ＬＡＮシステムに係る調達支援役務,内閣官房,13,東京都,2024,2024-05-13T00:00:00+09:00,https://www.p-portal.go.jp/pps-web-biz/UAA01/OAA0101,1.0.0,False,False,False,,0,1.1.0-candidate,True,True,False,it_consulting_planning,1,newly_matched|subgroup_changed|high_level_changed,approved_addition,"Title-level review confirms system use/relocation, geospatial data work, website delivery, or explicit information-system planning within the revised scope."
b3Nha2Evb3Nha2FfY2l0eS8yMDI0LzIwMjQwMjI3XzAwNzE1Cg==,大阪市選挙事務システム標準化対応業務委託,大阪府大阪市,27,大阪府,2024,2024-02-27T00:00:00+09:00,https://www.city.osaka.lg.jp/templates/buppin_nyusatsuanken/cmsfiles/contents/0000620/620673/00nyuusatukoukoku.pdf,1.0.0,False,False,False,,0,1.1.0-candidate,True,True,False,it_consulting_planning,1,newly_matched|subgroup_changed|high_level_changed,approved_addition,"Title-level review confirms system use/relocation, geospatial data work, website delivery, or explicit information-system planning within the revised scope."
b3Nha2Evb3Nha2FfY2l0eS8yMDI0LzIwMjQwNDAxXzAwNzI0Cg==,令和6年度大阪市ホームページリニューアル要件定義等支援業務委託,大阪府大阪市,27,大阪府,2024,2024-04-01T00:00:00+09:00,https://www.city.osaka.lg.jp/templates/buppin_nyusatsuanken/cmsfiles/contents/0000623/623969/00_kokoku.pdf,1.0.0,False,False,False,,0,1.1.0-candidate,True,True,False,software_applications,1,newly_matched|subgroup_changed|high_level_changed,approved_addition,"Title-level review confirms system use/relocation, geospatial data work, website delivery, or explicit information-system planning within the revised scope."
ZnVrdW9rYS9jaXR5LWt1cnVtZS8yMDI0LzIwMjQxMDExXzAzODIwCg==,久留米市数値地形図等修正業務委託,福岡県久留米市,40,福岡県,2024,2024-10-11T00:00:00+09:00,https://www.city.kurume.fukuoka.jp/1090sangyou/2010nyuusatsu/3030koukoku/4010nyuusatsu/files/20241024-2.pdf,1.0.0,False,False,False,,0,1.1.0-candidate,True,False,True,data_digital,1,newly_matched|subgroup_changed|high_level_changed,approved_addition,"Title-level review confirms system use/relocation, geospatial data work, website delivery, or explicit information-system planning within the revised scope."
ZnVrdW9rYS9rb2t1cmFfaXJ5b19jZW50ZXIvMjAyNC8yMDI0MDEyNV8wMDI0Ngo=,ホームページ制作・運用保守管理業務委託,独立行政法人国立病院機構小倉医療センター,40,福岡県,2024,2024-01-25T00:00:00+09:00,https://kokura.hosp.go.jp/buppin/files/nyusatu/20240216.pdf,1.0.0,False,False,False,,0,1.1.0-candidate,True,True,False,software_applications,1,newly_matched|subgroup_changed|high_level_changed,approved_addition,"Title-level review confirms system use/relocation, geospatial data work, website delivery, or explicit information-system planning within the revised scope."
ZnVrdW9rYS9reXVzaHVfZ2FuX2NlbnRlci8yMDI0LzIwMjQwNzAxXzAwMjQ0Cg==,ホームページリニューアル業務委託契約 一式,独立行政法人国立病院機構九州がんセンター,40,福岡県,2024,2024-07-01T00:00:00+09:00,https://kyushu-cc.hosp.go.jp/filebox/resources/1719798611_2024070101_nyusatsu.pdf,1.0.0,False,False,False,,0,1.1.0-candidate,True,True,False,software_applications,1,newly_matched|subgroup_changed|high_level_changed,approved_addition,"Title-level review confirms system use/relocation, geospatial data work, website delivery, or explicit information-system planning within the revised scope."
aG9ra2FpZG8vaG9ra2FpZG9fZ2FuX2NlbnRlci8yMDI1LzIwMjUwNDE1XzAwMzMxCg==,ホームページリニューアル業務委託一式,独立行政法人国立病院機構北海道がんセンター,01,北海道,2025,2025-04-15T00:00:00+09:00,https://hokkaido-cc.hosp.go.jp/information/file/nyusatsu/20250415_01_ny.pdf,1.0.0,False,False,False,,0,1.1.0-candidate,True,True,False,software_applications,1,newly_matched|subgroup_changed|high_level_changed,approved_addition,"Title-level review confirms system use/relocation, geospatial data work, website delivery, or explicit information-system planning within the revised scope."
Z292NS9haXN0X3VuaXQvMjAyNS8yMDI1MDYwOV8wNzI3MAo=,産総研公式ホームページの構築及び保守,国立研究開発法人産業技術総合研究所,13,東京都,2025,2025-06-09T00:00:00+09:00,https://www.aist.go.jp/aist_j/procure/supplyinfo/pub/detail/JWZ89FKY,1.0.0,False,False,False,,0,1.1.0-candidate,True,True,False,software_applications,1,newly_matched|subgroup_changed|high_level_changed,approved_addition,"Title-level review confirms system use/relocation, geospatial data work, website delivery, or explicit information-system planning within the revised scope."
Z292NS9haXN0X3VuaXQvMjAyNS8yMDI1MDYyNF8wNzI3Nwo=,【訂正公告】産総研公式ホームページの構築及び保守,国立研究開発法人産業技術総合研究所,13,東京都,2025,2025-06-24T00:00:00+09:00,https://www.aist.go.jp/aist_j/procure/supplyinfo/pub/detail/GBT3THKO,1.0.0,False,False,False,,0,1.1.0-candidate,True,True,False,software_applications,1,newly_matched|subgroup_changed|high_level_changed,approved_addition,"Title-level review confirms system use/relocation, geospatial data work, website delivery, or explicit information-system planning within the revised scope."
c2VhcmNoL3BfcG9ydGFsLzIwMjUvMTEvMjAyNTExMjBfNTMzMTMK,防衛装備庁ホームページの改修役務,防衛省,13,東京都,2025,2025-11-20T00:00:00+09:00,https://www.p-portal.go.jp/pps-web-biz/UAA01/OAA0101,1.0.0,False,False,False,,0,1.1.0-candidate,True,True,False,software_applications,1,newly_matched|subgroup_changed|high_level_changed,approved_addition,"Title-level review confirms system use/relocation, geospatial data work, website delivery, or explicit information-system planning within the revised scope."
dG9reW8vbmNjaGQvMjAyNS8yMDI1MDYyN18wMDM4MAo=,ダイバーシティWEBサイト構築・制作・運用保守業務委託,国立研究開発法人国立成育医療研究センター,13,東京都,2025,2025-06-27T00:00:00+09:00,https://www.ncchd.go.jp/purchase/20250627_01.pdf,1.0.0,False,False,False,,0,1.1.0-candidate,True,True,False,software_applications,1,newly_matched|subgroup_changed|high_level_changed,approved_addition,"Title-level review confirms system use/relocation, geospatial data work, website delivery, or explicit information-system planning within the revised scope."
dG9reW8vdGl0ZWNoX2FjLzIwMjUvMjAyNTA3MThfMDA2OTUK,教育用電子計算機システム移設等作業 1式,国立大学法人東京工業大学,13,東京都,2025,2025-07-18T00:00:00+09:00,http://www.zaimu.titech.ac.jp/keiyaku/kanren/koukoku/wpsys/wp-content/uploads/%E6%95%99%E8%82%B2%E7%94%A8%E9%9B%BB%E5%AD%90%E8%A8%88%E7%AE%97%E6%A9%9F%E3%82%B7%E3%82%B9%E3%83%86%E3%83%A0%E7%A7%BB%E8%A8%AD%E7%AD%89%E4%BD%9C%E6%A5%AD-1%E5%BC%8F_R7.7.18-R7.8.8.pdf,1.0.0,False,False,False,,0,1.1.0-candidate,True,True,False,network_infrastructure,1,newly_matched|subgroup_changed|high_level_changed,approved_addition,"Title-level review confirms system use/relocation, geospatial data work, website delivery, or explicit information-system planning within the revised scope."
b3Nha2EvbW9kLXBjby1vc2FrYS1maW4vMjAyNS8yMDI1MDEzMF8wMDM0Nwo=,ホームページリニューアル役務,防衛省自衛隊大阪地方協力本部,27,大阪府,2025,2025-01-30T00:00:00+09:00,https://www.mod.go.jp/pco/osaka/about/tender/images/070130-3koukoku.pdf,1.0.0,False,False,False,,0,1.1.0-candidate,True,True,False,software_applications,1,newly_matched|subgroup_changed|high_level_changed,approved_addition,"Title-level review confirms system use/relocation, geospatial data work, website delivery, or explicit information-system planning within the revised scope."
Z292Ny9jYnJfbWxpdC8yMDIyLzIwMjIwNTEyXzA0MjAxCg==,令和４年度 中部地方整備局 DX関連研修運営補助業務,国土交通省中部地方整備局,23,愛知県,2022,2022-05-12T00:00:00+09:00,https://www.cbr.mlit.go.jp/contract/buppin/bukoukoku/r4/220512-dx-chugi.pdf,1.0.0,True,False,True,data_digital,1,1.1.0-candidate,False,False,False,,0,removed_match|subgroup_changed|high_level_changed,approved_removal,"Title-level review confirms the v1 match came from a nontechnical topic, training, event, survey, promotion, or education-delivery context covered by a targeted exclusion."
Z292Ny9jYnJfbWxpdC8yMDIyLzIwMjIwNjIzXzA0MjI1Cg==,令和４年度 中部地方整備局 DX 関連研修運営業務,国土交通省中部地方整備局,23,愛知県,2022,2022-06-23T00:00:00+09:00,https://www.cbr.mlit.go.jp/contract/buppin/bukoukoku/r4/220623-dx-kyoku.pdf,1.0.0,True,False,True,data_digital,1,1.1.0-candidate,False,False,False,,0,removed_match|subgroup_changed|high_level_changed,approved_removal,"Title-level review confirms the v1 match came from a nontechnical topic, training, event, survey, promotion, or education-delivery context covered by a targeted exclusion."
aG9ra2FpZG8vaG9ra2FpZG9fcHJlZi8yMDIzLzIwMjMwNjI5XzAwNTcwCg==,「令和5年度データセンター集積推進事業（関連企業立地支援）委託業務」総合評価一般競争入札の実施について,北海道,01,北海道,2023,2023-06-29T00:00:00+09:00,https://www.pref.hokkaido.lg.jp/kz/zcg/157808.html,1.0.0,True,True,False,network_infrastructure,1,1.1.0-candidate,False,False,False,,0,removed_match|subgroup_changed|high_level_changed,approved_removal,"Title-level review confirms the v1 match came from a nontechnical topic, training, event, survey, promotion, or education-delivery context covered by a targeted exclusion."
aG9ra2FpZG8vaG9ra2FpZG9fcHJlZi8yMDIzLzIwMjMwNzEzXzAwNjAxCg==,「令和5年度データセンター集積推進事業（セミナー）委託業務」総合評価一般競争入札の実施について,北海道,01,北海道,2023,2023-07-13T00:00:00+09:00,https://www.pref.hokkaido.lg.jp/kz/zcg/159244.html,1.0.0,True,True,False,network_infrastructure,1,1.1.0-candidate,False,False,False,,0,removed_match|subgroup_changed|high_level_changed,approved_removal,"Title-level review confirms the v1 match came from a nontechnical topic, training, event, survey, promotion, or education-delivery context covered by a targeted exclusion."
aG9ra2FpZG8vaG9ra2FpZG9fcHJlZi8yMDIzLzIwMjMwOTA0XzAwNzE3Cg==,「令和5年度データセンター集積推進事業（セミナー）委託業務」総合評価一般競争入札の実施について,北海道,01,北海道,2023,2023-09-04T00:00:00+09:00,https://www.pref.hokkaido.lg.jp/kz/zcg/159244.html,1.0.0,True,True,False,network_infrastructure,1,1.1.0-candidate,False,False,False,,0,removed_match|subgroup_changed|high_level_changed,approved_removal,"Title-level review confirms the v1 match came from a nontechnical topic, training, event, survey, promotion, or education-delivery context covered by a targeted exclusion."
aG9ra2FpZG8vaG9ra2FpZG9fcHJlZi8yMDIzLzIwMjMwOTA0XzAwNzE4Cg==,「令和5年度データセンター集積推進事業（関連企業立地支援）委託業務」総合評価一般競争入札の実施について,北海道,01,北海道,2023,2023-09-04T00:00:00+09:00,https://www.pref.hokkaido.lg.jp/kz/zcg/157808.html,1.0.0,True,True,False,network_infrastructure,1,1.1.0-candidate,False,False,False,,0,removed_match|subgroup_changed|high_level_changed,approved_removal,"Title-level review confirms the v1 match came from a nontechnical topic, training, event, survey, promotion, or education-delivery context covered by a targeted exclusion."
Z292NC9qaWxfZ28vMjAyMy8yMDIzMDExMV8wMDI0MAo=,郵送アンケート調査「AI などデジタル技術の導入と労使コミュニケーションに関する調査」実施に係るデータ作成等業務委託（PDF:373KB）,独立行政法人労働政策研究・研修機構,13,東京都,2023,2023-01-11T00:00:00+09:00,https://www.jil.go.jp/information/nyusatsu/document/20230111a.pdf,1.0.0,True,False,True,artificial_intelligence,1,1.1.0-candidate,False,False,False,,0,removed_match|subgroup_changed|high_level_changed,approved_removal,"Title-level review confirms the v1 match came from a nontechnical topic, training, event, survey, promotion, or education-delivery context covered by a targeted exclusion."
Z292NC9qaWxfZ28vMjAyMy8yMDIzMTAxMV8wMDI2NAo=,郵送アンケート調査「ものづくり産業の人材育成・処遇とデジタル化に関する調査」実施に係るデータ作成等業務委託（PDF:329KB）,独立行政法人労働政策研究・研修機構,13,東京都,2023,2023-10-11T00:00:00+09:00,https://www.jil.go.jp/information/nyusatsu/document/20231011a.pdf,1.0.0,True,False,True,data_digital,1,1.1.0-candidate,False,False,False,,0,removed_match|subgroup_changed|high_level_changed,approved_removal,"Title-level review confirms the v1 match came from a nontechnical topic, training, event, survey, promotion, or education-delivery context covered by a targeted exclusion."
aG9ra2FpZG8vaG9ra2FpZG9fcHJlZi8yMDI0LzIwMjQwNDA0XzAxMjc2Cg==,「令和5年度データセンター集積推進事業（セミナー）委託業務」総合評価一般競争入札の実施について,北海道,01,北海道,2024,2024-04-04T00:00:00+09:00,https://www.pref.hokkaido.lg.jp/kz/ssg/159244.html,1.0.0,True,True,False,network_infrastructure,1,1.1.0-candidate,False,False,False,,0,removed_match|subgroup_changed|high_level_changed,approved_removal,"Title-level review confirms the v1 match came from a nontechnical topic, training, event, survey, promotion, or education-delivery context covered by a targeted exclusion."
aG9ra2FpZG8vaG9ra2FpZG9fcHJlZi8yMDI0LzIwMjQwNDA0XzAxMjc3Cg==,「令和5年度データセンター集積推進事業（関連企業立地支援）委託業務」総合評価一般競争入札の実施について,北海道,01,北海道,2024,2024-04-04T00:00:00+09:00,https://www.pref.hokkaido.lg.jp/kz/ssg/157808.html,1.0.0,True,True,False,network_infrastructure,1,1.1.0-candidate,False,False,False,,0,removed_match|subgroup_changed|high_level_changed,approved_removal,"Title-level review confirms the v1 match came from a nontechnical topic, training, event, survey, promotion, or education-delivery context covered by a targeted exclusion."
aG9ra2FpZG8vaG9ra2FpZG9fcHJlZi8yMDI0LzIwMjQwNTAxXzAxMzgxCg==,令和6年度データセンター集積推進事業（関連企業立地支援）委託業務に係る総合評価一般競争入札の実施について,北海道,01,北海道,2024,2024-05-01T00:00:00+09:00,https://www.pref.hokkaido.lg.jp/kz/ssg/187243.html,1.0.0,True,True,False,network_infrastructure,1,1.1.0-candidate,False,False,False,,0,removed_match|subgroup_changed|high_level_changed,approved_removal,"Title-level review confirms the v1 match came from a nontechnical topic, training, event, survey, promotion, or education-delivery context covered by a targeted exclusion."
aG9ra2FpZG8vaG9ra2FpZG9fcHJlZi8yMDI0LzIwMjQwNTE3XzAxNDQ2Cg==,令和6年度データセンター集積推進事業（セミナー）委託業務に係る総合評価一般競争入札の実施について,北海道,01,北海道,2024,2024-05-17T00:00:00+09:00,https://www.pref.hokkaido.lg.jp/kz/ssg/188981.html,1.0.0,True,True,False,network_infrastructure,1,1.1.0-candidate,False,False,False,,0,removed_match|subgroup_changed|high_level_changed,approved_removal,"Title-level review confirms the v1 match came from a nontechnical topic, training, event, survey, promotion, or education-delivery context covered by a targeted exclusion."
Z292NC9qaWxfZ28vMjAyNC8yMDI0MDQxMF8wMDI4OQo=,WEBモニターアンケート調査｢AIの職場導入の影響に関する従業員調査（労働者Webアンケート調査）」実施に係るデータ作成等業務委託（PDF:288KB）,独立行政法人労働政策研究・研修機構,13,東京都,2024,2024-04-10T00:00:00+09:00,https://www.jil.go.jp/information/nyusatsu/document/20240410a.pdf,1.0.0,True,False,True,artificial_intelligence,1,1.1.0-candidate,False,False,False,,0,removed_match|subgroup_changed|high_level_changed,approved_removal,"Title-level review confirms the v1 match came from a nontechnical topic, training, event, survey, promotion, or education-delivery context covered by a targeted exclusion."
b3Nha2Evb3Nha2FfY2l0eS8yMDI0LzIwMjQwNTMwXzAwNzQxCg==,令和6年度技術分野におけるDX人材育成研修業務委託,大阪府大阪市,27,大阪府,2024,2024-05-30T00:00:00+09:00,https://www.city.osaka.lg.jp/templates/buppin_nyusatsuanken/cmsfiles/contents/0000628/628006/01_setumei.docx,1.0.0,True,False,True,data_digital,1,1.1.0-candidate,False,False,False,,0,removed_match|subgroup_changed|high_level_changed,approved_removal,"Title-level review confirms the v1 match came from a nontechnical topic, training, event, survey, promotion, or education-delivery context covered by a targeted exclusion."
aG9ra2FpZG8vaG9ra2FpZG9fcHJlZi8yMDI1LzIwMjUwNTIyXzAyNDAwCg==,令和7年度データセンター集積推進事業（関連企業立地支援）委託業務に係る総合評価一般競争入札の実施について,北海道,01,北海道,2025,2025-05-22T00:00:00+09:00,https://www.pref.hokkaido.lg.jp/kz/ssg/222836.html,1.0.0,True,True,False,network_infrastructure,1,1.1.0-candidate,False,False,False,,0,removed_match|subgroup_changed|high_level_changed,approved_removal,"Title-level review confirms the v1 match came from a nontechnical topic, training, event, survey, promotion, or education-delivery context covered by a targeted exclusion."
aG9ra2FpZG8vaG9ra2FpZG9fcHJlZi8yMDI1LzIwMjUwNTIyXzAyNDAxCg==,令和7年度データセンター集積推進事業（セミナー）委託業務に係る総合評価一般競争入札の実施について,北海道,01,北海道,2025,2025-05-22T00:00:00+09:00,https://www.pref.hokkaido.lg.jp/kz/ssg/222835.html,1.0.0,True,True,False,network_infrastructure,1,1.1.0-candidate,False,False,False,,0,removed_match|subgroup_changed|high_level_changed,approved_removal,"Title-level review confirms the v1 match came from a nontechnical topic, training, event, survey, promotion, or education-delivery context covered by a targeted exclusion."
aG9ra2FpZG8vaG9ra2FpZG9fcHJlZi8yMDI1LzIwMjUwNjEyXzAyNDgyCg==,令和7年度データセンター集積推進事業（関連企業立地支援）委託業務に係る総合評価一般競争入札の実施について,北海道,01,北海道,2025,2025-06-12T00:00:00+09:00,https://www.pref.hokkaido.lg.jp/kz/ssg/222836.html,1.0.0,True,True,False,network_infrastructure,1,1.1.0-candidate,False,False,False,,0,removed_match|subgroup_changed|high_level_changed,approved_removal,"Title-level review confirms the v1 match came from a nontechnical topic, training, event, survey, promotion, or education-delivery context covered by a targeted exclusion."
aG9ra2FpZG8vaG9ra2FpZG9fcHJlZi8yMDI1LzIwMjUwNjEyXzAyNDgzCg==,令和7年度データセンター集積推進事業（セミナー）委託業務に係る総合評価一般競争入札の実施について,北海道,01,北海道,2025,2025-06-12T00:00:00+09:00,https://www.pref.hokkaido.lg.jp/kz/ssg/222835.html,1.0.0,True,True,False,network_infrastructure,1,1.1.0-candidate,False,False,False,,0,removed_match|subgroup_changed|high_level_changed,approved_removal,"Title-level review confirms the v1 match came from a nontechnical topic, training, event, survey, promotion, or education-delivery context covered by a targeted exclusion."
Z292NC9qaWxfZ28vMjAyNS8yMDI1MTIwNF8wMDM2NAo=,WEBモニターアンケート調査「デジタル化・AI化の進展と能力開発・キャリア形成に関する調査」の実施に係るデータ作成等業務委託（PDF:325KB）,独立行政法人労働政策研究・研修機構,13,東京都,2025,2025-12-04T00:00:00+09:00,https://www.jil.go.jp/information/nyusatsu/document/20251204a.pdf,1.0.0,True,False,True,data_digital|artificial_intelligence,2,1.1.0-candidate,False,False,False,,0,removed_match|subgroup_changed|high_level_changed,approved_removal,"Title-level review confirms the v1 match came from a nontechnical topic, training, event, survey, promotion, or education-delivery context covered by a targeted exclusion."
Z292MTAvbmVkb19nby8yMDI1LzIwMjUwNjI2XzAwMDQ2Cg==,「AI・人工知能EXPO2025秋」への出展に係る会場設営・運営業務,国立研究開発法人新エネルギー・産業技術総合開発機構,14,神奈川県,2025,2025-06-26T00:00:00+09:00,https://www.nedo.go.jp/content/800027717.pdf,1.0.0,True,False,True,artificial_intelligence,1,1.1.0-candidate,False,False,False,,0,removed_match|subgroup_changed|high_level_changed,approved_removal,"Title-level review confirms the v1 match came from a nontechnical topic, training, event, survey, promotion, or education-delivery context covered by a targeted exclusion."
b3Nha2Evb3Nha2FfY2l0eS8yMDI1LzIwMjUwNTA3XzAwODYxCg==,令和7年度技術分野におけるDX人材育成研修業務委託,大阪府大阪市,27,大阪府,2025,2025-05-07T00:00:00+09:00,https://www.city.osaka.lg.jp/templates/buppin_nyusatsuanken/cmsfiles/contents/0000652/652840/01_setumei.pdf,1.0.0,True,False,True,data_digital,1,1.1.0-candidate,False,False,False,,0,removed_match|subgroup_changed|high_level_changed,approved_removal,"Title-level review confirms the v1 match came from a nontechnical topic, training, event, survey, promotion, or education-delivery context covered by a targeted exclusion."
ZnVrdW9rYS9mdWt1b2thX3ByZWYvMjAyNS8yMDI1MDQxNl8wMzc1MQo=,令和７年度ＡＩアプリを活用した英語授業モデルの構築事業実施業務委託に係る一般競争入札について,福岡県,40,福岡県,2025,2025-04-16T00:00:00+09:00,https://www.pref.fukuoka.lg.jp/bid-info/aiappenglish2025.html,1.0.0,True,False,True,artificial_intelligence,1,1.1.0-candidate,False,False,False,,0,removed_match|subgroup_changed|high_level_changed,approved_removal,"Title-level review confirms the v1 match came from a nontechnical topic, training, event, survey, promotion, or education-delivery context covered by a targeted exclusion."
ZnVrdW9rYS9mdWt1b2thX3ByZWYvMjAyNS8yMDI1MDQyNV8wMzc1OQo=,令和７年度AIアプリを活用した英語授業モデルの構築事業（オンライン英会話システムの活用によるパフォーマンステスト）実施業務委託に係る一般競争入札について,福岡県,40,福岡県,2025,2025-04-25T00:00:00+09:00,https://www.pref.fukuoka.lg.jp/bid-info/onlineenglish.html,1.0.0,True,True,False,system_development|artificial_intelligence,2,1.1.0-candidate,False,False,False,,0,removed_match|subgroup_changed|high_level_changed,approved_removal,"Title-level review confirms the v1 match came from a nontechnical topic, training, event, survey, promotion, or education-delivery context covered by a targeted exclusion."
dG9reW8vbXVyYXlhbWFfaXJ5b19jZW50ZXIvMjAyMi8yMDIyMDIxMF8wMDI0MAo=,病院情報システム更新及びサーバー室改修にかかるコンサルティング業務委託,独立行政法人国立病院機構村山医療センター,13,東京都,2022,2022-02-10T00:00:00+09:00,https://www.murayama-hosp.jp/pdf/nyusatsu/20220210_2.pdf,1.0.0,True,True,False,system_development|network_infrastructure,2,1.1.0-candidate,True,True,False,system_development|network_infrastructure|it_consulting_planning,3,subgroup_changed,approved_retag,Title-level review confirms the revised detailed subgroup or core-versus-adjacent assignment better describes the technical work.
Z292NS9yb2Z1a3UvMjAyMi8yMDIyMDEyMF8wMTQ3Mgo=,令和４年度労災疾病等医学研究・開発、普 及ネットワークシステム等管理及びコンサル ティングに関する業務委託一式（本部）,独立行政法人労働者健康安全機構,14,神奈川県,2022,2022-01-20T00:00:00+09:00,https://www.johas.go.jp/Portals/0/data0/jigyogaiyo/choutatsu/nyusatsu/0401/nyuusatsu040120(1).pdf,1.0.0,True,True,False,system_development|network_infrastructure,2,1.1.0-candidate,True,True,False,network_infrastructure,1,subgroup_changed,approved_retag,Title-level review confirms the revised detailed subgroup or core-versus-adjacent assignment better describes the technical work.
Z292NS9tYWZmX2pmYS8yMDIzLzIwMjMwMTI0XzAwMjE0Cg==,令和5年度新たな資源管理システム構築促進事業のうち国際資源の管理体制構築促進事業のうち輸入まぐろ類流通管理事業に係るまぐろ類流通管理データベースの運用・保守及びサーバのOS等バージョンアップ業務の公募について(企画競争)(PDF : 259KB),水産庁,13,東京都,2023,2023-01-24T00:00:00+09:00,https://www.jfa.maff.go.jp/j/gyosei/supply/nyusatu/attach/pdf/ekimu_system-4.pdf,1.0.0,True,True,False,system_development|operations_maintenance|network_infrastructure,3,1.1.0-candidate,True,True,False,operations_maintenance|network_infrastructure,2,subgroup_changed,approved_retag,Title-level review confirms the revised detailed subgroup or core-versus-adjacent assignment better describes the technical work.
Z292NS9tYWZmX2pmYS8yMDIzLzIwMjMxMjE0XzAwMjg3Cg==,令和６年度新たな資源管理システム構築促進事業のうち国際資源の管理体制構築促進事業のうち輸入まぐろ類流通管理事業に係るまぐろ類流通管理データベースの運用・保守管理業務の公募について(企画競争)(PDF : 184KB),水産庁,13,東京都,2023,2023-12-14T00:00:00+09:00,https://www.jfa.maff.go.jp/j/gyosei/supply/nyusatu/attach/pdf/ekimu_system-44.pdf,1.0.0,True,True,False,system_development|operations_maintenance,2,1.1.0-candidate,True,True,False,operations_maintenance,1,subgroup_changed,approved_retag,Title-level review confirms the revised detailed subgroup or core-versus-adjacent assignment better describes the technical work.
c2VhcmNoL3BfcG9ydGFsLzIwMjMvMTEvMjAyMzExMDFfMTE2ODEK,研究開発支援システムのデータ移行役務（０５換装）,防衛省,13,東京都,2023,2023-11-01T00:00:00+09:00,https://www.p-portal.go.jp/pps-web-biz/UAA01/OAA0101,1.0.0,True,True,False,system_development|data_digital,2,1.1.0-candidate,True,True,False,system_development|network_infrastructure|data_digital,3,subgroup_changed,approved_retag,Title-level review confirms the revised detailed subgroup or core-versus-adjacent assignment better describes the technical work.
ZnVrdW9rYS9vbXV0YV9ob3NwLzIwMjMvMjAyMzEwMDZfMDAyNzcK,病院情報システム更新等に係るコンサルティング業務委託,独立行政法人国立病院機構大牟田病院,40,福岡県,2023,2023-10-06T00:00:00+09:00,https://omuta.hosp.go.jp/files/000201682.pdf,1.0.0,True,True,False,system_development,1,1.1.0-candidate,True,True,False,system_development|it_consulting_planning,2,subgroup_changed,approved_retag,Title-level review confirms the revised detailed subgroup or core-versus-adjacent assignment better describes the technical work.
Z292NS9haXN0X3VuaXQvMjAyNC8yMDI0MDQxNV8wNzIyMgo=,産総研情報システム環境のゼロトラスト化に係る導入支援業務 一式,国立研究開発法人産業技術総合研究所,13,東京都,2024,2024-04-15T00:00:00+09:00,https://www.aist.go.jp/aist_j/procure/supplyinfo/pub/detail/HCMNBS09,1.0.0,True,True,False,system_development|cybersecurity,2,1.1.0-candidate,True,True,False,system_development|cybersecurity|it_consulting_planning,3,subgroup_changed,approved_retag,Title-level review confirms the revised detailed subgroup or core-versus-adjacent assignment better describes the technical work.
Z292NS9yb2Z1a3UvMjAyNC8yMDI0MDEyNF8wMTk1MAo=,労災疾病等医学研究・開発、普及ネットワークシステム等管理及びコンサルティングに関する業務委託（本部）,独立行政法人労働者健康安全機構,14,神奈川県,2024,2024-01-24T00:00:00+09:00,https://www.johas.go.jp/Portals/0/data0/jigyogaiyo/choutatsu/nyusatsu/0601/nyuusatsu060124(4).pdf,1.0.0,True,True,False,system_development|network_infrastructure,2,1.1.0-candidate,True,True,False,network_infrastructure|it_consulting_planning,2,subgroup_changed,approved_retag,Title-level review confirms the revised detailed subgroup or core-versus-adjacent assignment better describes the technical work.
aG9ra2FpZG8veXViYXJpX2NpdHkvMjAyNS8yMDI1MDcyMl8wMDIyOQo=,令和7年度選挙人名簿管理システム（標準化対応）構築業務委託に係る条件付一般競争入札を実施します,北海道夕張市,01,北海道,2025,2025-07-22T00:00:00+09:00,https://www.city.yubari.lg.jp/uploaded/attachment/7235.pdf,1.0.0,True,True,False,system_development,1,1.1.0-candidate,True,True,False,system_development|it_consulting_planning,2,subgroup_changed,approved_retag,Title-level review confirms the revised detailed subgroup or core-versus-adjacent assignment better describes the technical work.
Z292My9uaG9faG9uYnUvMjAyNS8yMDI1MDIyOF8wMDU2NQo=,精神科系病院における病院情報システム導入支援等に係るコンサルティング業務委託（PDF：144KB）,独立行政法人国立病院機構,13,東京都,2025,2025-02-28T00:00:00+09:00,https://nho.hosp.go.jp/files/000230569.pdf,1.0.0,True,True,False,system_development,1,1.1.0-candidate,True,True,False,system_development|it_consulting_planning,2,subgroup_changed,approved_retag,Title-level review confirms the revised detailed subgroup or core-versus-adjacent assignment better describes the technical work.
Z292NS9haXN0X3VuaXQvMjAyNS8yMDI1MDEwOF8wNzIyNgo=,産総研情報システム環境のゼロトラスト化に係る導入支援業務,国立研究開発法人産業技術総合研究所,13,東京都,2025,2025-01-08T00:00:00+09:00,https://www.aist.go.jp/aist_j/procure/supplyinfo/pub/detail/NLM2LNB0,1.0.0,True,True,False,system_development|cybersecurity,2,1.1.0-candidate,True,True,False,system_development|cybersecurity|it_consulting_planning,3,subgroup_changed,approved_retag,Title-level review confirms the revised detailed subgroup or core-versus-adjacent assignment better describes the technical work.
Z292NS9haXN0X3VuaXQvMjAyNS8yMDI1MTIxMF8wNzM5MQo=,Salesforce導入システムにおけるライセンスの提供,国立研究開発法人産業技術総合研究所,13,東京都,2025,2025-12-10T00:00:00+09:00,https://www.aist.go.jp/aist_j/procure/supplyinfo/pub/detail/5EEVF1UH,1.0.0,True,True,False,system_development|system_services,2,1.1.0-candidate,True,True,False,system_services,1,subgroup_changed,approved_retag,Title-level review confirms the revised detailed subgroup or core-versus-adjacent assignment better describes the technical work.
Z292NS9haXN0X3VuaXQvMjAyNS8yMDI1MTIxMV8wNzM5Mwo=,Box導入システムにおけるライセンスの提供,国立研究開発法人産業技術総合研究所,13,東京都,2025,2025-12-11T00:00:00+09:00,https://www.aist.go.jp/aist_j/procure/supplyinfo/pub/detail/1RYNLPWU,1.0.0,True,True,False,system_development|system_services,2,1.1.0-candidate,True,True,False,system_services,1,subgroup_changed,approved_retag,Title-level review confirms the revised detailed subgroup or core-versus-adjacent assignment better describes the technical work.
Z292NS9haXN0X3VuaXQvMjAyNS8yMDI1MTIxN18wNzM5Nwo=,産総研情報システム環境に係る導入支援業務,国立研究開発法人産業技術総合研究所,13,東京都,2025,2025-12-17T00:00:00+09:00,https://www.aist.go.jp/aist_j/procure/supplyinfo/pub/detail/RYHZBHE2,1.0.0,True,True,False,system_development,1,1.1.0-candidate,True,True,False,system_development|it_consulting_planning,2,subgroup_changed,approved_retag,Title-level review confirms the revised detailed subgroup or core-versus-adjacent assignment better describes the technical work.
c2VhcmNoL3BfcG9ydGFsLzIwMjUvMDMvMjAyNTAzMDVfMzgwNTQK,令和７年度「地方公共団体実行計画策定・管理等支援システムの次期システム構築」に向けた要件定義書作成及び調達支援等に係る委託業務【総合評価落札方式】,環境省,13,東京都,2025,2025-03-05T00:00:00+09:00,https://www.p-portal.go.jp/pps-web-biz/UAA01/OAA0101,1.0.0,True,True,False,system_development,1,1.1.0-candidate,True,True,False,system_development|it_consulting_planning,2,subgroup_changed,approved_retag,Title-level review confirms the revised detailed subgroup or core-versus-adjacent assignment better describes the technical work.
dG9reW8vbWhsd196ZW5zaG9lbi8yMDI1LzIwMjUwMTEwXzAwNTMwCg==,R07.01.10 医療情報システム導入に係るコンサルティング業務委託 一式（PDF85.92KB）,厚生労働省国立療養所多摩全生園,13,東京都,2025,2025-01-10T00:00:00+09:00,https://www.mhlw.go.jp/seisakunitsuite/bunya/kenkou_iryou/iryou/hansen/zenshoen/nyuusatsu/R07.01.10consulting.pdf,1.0.0,True,True,False,system_development,1,1.1.0-candidate,True,True,False,system_development|it_consulting_planning,2,subgroup_changed,approved_retag,Title-level review confirms the revised detailed subgroup or core-versus-adjacent assignment better describes the technical work.
dG9reW8vdG9reW9faG9zcC8yMDI1LzIwMjUxMjI0XzAwNjU3Cg==,病院情報システム更新に係るコンサルティング業務委託 一式に係る入札公告について(2025.12.24),独立行政法人国立病院機構東京病院,13,東京都,2025,2025-12-24T00:00:00+09:00,https://tokyo-hp.hosp.go.jp/bumon/jimu/pdf/R071224_konsaru.pdf,1.0.0,True,True,False,system_development,1,1.1.0-candidate,True,True,False,system_development|it_consulting_planning,2,subgroup_changed,approved_retag,Title-level review confirms the revised detailed subgroup or core-versus-adjacent assignment better describes the technical work.
dG9reW8vdGl0ZWNoX2FjLzIwMjUvMjAyNTA4MDhfMDA3MTAK,アンケートシステムの利用及び導入サポート 一式,国立大学法人東京工業大学,13,東京都,2025,2025-08-08T00:00:00+09:00,http://www.zaimu.titech.ac.jp/keiyaku/kanren/koukoku/wpsys/wp-content/uploads/%E3%82%A2%E3%83%B3%E3%82%B1%E3%83%BC%E3%83%88%E3%82%B7%E3%82%B9%E3%83%86%E3%83%A0%E3%81%AE%E5%88%A9%E7%94%A8%E5%8F%8A%E3%81%B3%E5%B0%8E%E5%85%A5%E3%82%B5%E3%83%9D%E3%83%BC%E3%83%88-%E4%B8%80%E5%BC%8F_R7.8.8-R7.9.12.pdf,1.0.0,True,True,False,system_development,1,1.1.0-candidate,True,True,False,system_development|system_services,2,subgroup_changed,approved_retag,Title-level review confirms the revised detailed subgroup or core-versus-adjacent assignment better describes the technical work.
Z292NS9yb2Z1a3UvMjAyNS8yMDI1MDEyN18wMjIwMwo=,労災疾病等医学研究・開発、普及ネットワークシステム等管理及びコンサルティングに関する業務委託（本部）,独立行政法人労働者健康安全機構,14,神奈川県,2025,2025-01-27T00:00:00+09:00,https://www.johas.go.jp/Portals/0/data0/jigyogaiyo/choutatsu/nyusatsu/0701/nyuusatsu070127(3).pdf,1.0.0,True,True,False,system_development|network_infrastructure,2,1.1.0-candidate,True,True,False,network_infrastructure|it_consulting_planning,2,subgroup_changed,approved_retag,Title-level review confirms the revised detailed subgroup or core-versus-adjacent assignment better describes the technical work.
b3Nha2Evb3Nha2F0b25leWFtYV9pcnlvX2NlbnRlci8yMDI1LzIwMjUwNDI1XzAwMzYzCg==,病院情報システム更新に係るコンサルティング業務委託,独立行政法人国立病院機構大阪刀根山医療センター,27,大阪府,2025,2025-04-25T00:00:00+09:00,https://toneyama.hosp.go.jp/personnel/supply/pdf/buppin/20250425_2.pdf,1.0.0,True,True,False,system_development,1,1.1.0-candidate,True,True,False,system_development|it_consulting_planning,2,subgroup_changed,approved_retag,Title-level review confirms the revised detailed subgroup or core-versus-adjacent assignment better describes the technical work.
dG9reW8vbmNjX2dvLzIwMjIvMjAyMjA2MDNfMDE1OTcK,ゲノムデータ連携解析基盤の構築・運用 業務委託 一式,国立研究開発法人国立がん研究センター,13,東京都,2022,2022-06-03T00:00:00+09:00,https://www.ncc.go.jp/jp/other/chotatsu/../../chotatsu/tsukiji/././288koukoku.pdf,1.0.0,True,False,True,data_digital,1,1.1.0-candidate,True,True,False,system_development|data_digital,2,subgroup_changed|high_level_changed,approved_retag,Title-level review confirms the revised detailed subgroup or core-versus-adjacent assignment better describes the technical work.
dG9reW8vbmlkcy8yMDIyLzIwMjIwOTA4XzAwNTAzCg==,公告「防衛研究所電算機システムデータ移行支援役務」,防衛省防衛研究所,13,東京都,2022,2022-09-08T00:00:00+09:00,http://www.nids.mod.go.jp/procurement/../procurement/ippan/pdf/2022/19_a.pdf,1.0.0,True,False,True,data_digital,1,1.1.0-candidate,True,True,False,network_infrastructure|data_digital,2,subgroup_changed|high_level_changed,approved_retag,Title-level review confirms the revised detailed subgroup or core-versus-adjacent assignment better describes the technical work.
dG9reW8vbmlkcy8yMDIyLzIwMjIwOTI5XzAwNTA2Cg==,再公告「防衛研究所電算機システムデータ移行支援役務」,防衛省防衛研究所,13,東京都,2022,2022-09-29T00:00:00+09:00,http://www.nids.mod.go.jp/procurement/../procurement/ippan/pdf/2022/22_a.pdf,1.0.0,True,False,True,data_digital,1,1.1.0-candidate,True,True,False,network_infrastructure|data_digital,2,subgroup_changed|high_level_changed,approved_retag,Title-level review confirms the revised detailed subgroup or core-versus-adjacent assignment better describes the technical work.
Z292Ny9jYnJfbWxpdC8yMDIyLzIwMjIwODE3XzA0Mjc5Cg==,令和４年度 河川景観判読ＡＩの高精度化作業,国土交通省中部地方整備局,23,愛知県,2022,2022-08-17T00:00:00+09:00,https://www.cbr.mlit.go.jp/contract/buppin/bukoukoku/r4/220817-ai-chugi.pdf,1.0.0,True,False,True,artificial_intelligence,1,1.1.0-candidate,True,True,False,system_development|artificial_intelligence,2,subgroup_changed|high_level_changed,approved_retag,Title-level review confirms the revised detailed subgroup or core-versus-adjacent assignment better describes the technical work.
b3Nha2Evb3Nha2FfY2l0eS8yMDIyLzIwMjIwMzA0XzAwNDI1Cg==,自治体DXに伴う就学援助システム標準化対応並びに学校園システム再編成計画策定支援業務委託,大阪府大阪市,27,大阪府,2022,2022-03-04T00:00:00+09:00,https://www.city.osaka.lg.jp/templates/buppin_nyusatsuanken/cmsfiles/contents/0000560/560789/1nilyuusatusetumeisilyo.pdf,1.0.0,True,False,True,data_digital,1,1.1.0-candidate,True,True,False,data_digital|it_consulting_planning,2,subgroup_changed|high_level_changed,approved_retag,Title-level review confirms the revised detailed subgroup or core-versus-adjacent assignment better describes the technical work.
b3Nha2Evb3Nha2FfY2l0eS8yMDIyLzIwMjIwMzA0XzAwNDI2Cg==,自治体DXに伴う就学援助システム標準化対応並びに学校園システム再編成計画策定支援業務委託,大阪府大阪市,27,大阪府,2022,2022-03-04T00:00:00+09:00,https://www.city.osaka.lg.jp/templates/buppin_nyusatsuanken/cmsfiles/contents/0000560/560789/0seigohyou.pdf,1.0.0,True,False,True,data_digital,1,1.1.0-candidate,True,True,False,data_digital|it_consulting_planning,2,subgroup_changed|high_level_changed,approved_retag,Title-level review confirms the revised detailed subgroup or core-versus-adjacent assignment better describes the technical work.
b3Nha2EvbWlub2hfY2l0eS8yMDIyLzIwMjIxMTE3XzAwMjY2Cg==,箕面市AIチャットボット構築及び本格稼働に向けた運用支援業務委託に係る総合評価落札方式による一般競争入札の実施について,大阪府箕面市,27,大阪府,2022,2022-11-17T00:00:00+09:00,https://www.city.minoh.lg.jp/gyoukaku/chatobot.html,1.0.0,True,False,True,artificial_intelligence,1,1.1.0-candidate,True,True,False,system_development|software_applications|artificial_intelligence,3,subgroup_changed|high_level_changed,approved_retag,Title-level review confirms the revised detailed subgroup or core-versus-adjacent assignment better describes the technical work.
ZnVrdW9rYS9reXV0ZWNoX3VuaXYvMjAyMi8yMDIyMDUxM18wMTAxMQo=,統合創薬AIプラットフォームのユーザインタフェースの拡張 一式,国立大学法人九州工業大学,40,福岡県,2022,2022-05-13T00:00:00+09:00,https://db.jimu.kyutech.ac.jp/cgi-bin/cbdb/db.cgi/%E5%85%AC%E5%91%8A%EF%BC%89%E7%B5%B1%E5%90%88%E5%89%B5%E8%96%ACAI%E3%83%97%E3%83%A9%E3%83%83%E3%83%88%E3%83%95%E3%82%A9%E3%83%BC%E3%83%A0%E3%81%AE%E3%83%A6%E3%83%BC%E3%82%B6%E3%82%A4%E3%83%B3%E3%82%BF%E3%83%95%E3%82%A7%E3%83%BC%E3%82%B9%E3%81%AE%E6%8B%A1%E5%BC%B5%20%E4%B8%80%E5%BC%8F.pdf?page=DBDownload&did=252&rid=2266&fid=12&ct=1&fileext=.pdf,1.0.0,True,False,True,artificial_intelligence,1,1.1.0-candidate,True,True,False,system_development|software_applications|artificial_intelligence,3,subgroup_changed|high_level_changed,approved_retag,Title-level review confirms the revised detailed subgroup or core-versus-adjacent assignment better describes the technical work.
Z292NC9tb2RfbmFpa3lva3UvMjAyMy8yMDIzMDUxOF8wMzc2Nwo=,人事・給与情報システムデータ移行支援役務,防衛省自衛隊,13,東京都,2023,2023-05-18T00:00:00+09:00,https://www.mod.go.jp/j/budget/chotatsu/naikyoku/nyuusatu/2023/0518c.pdf,1.0.0,True,False,True,data_digital,1,1.1.0-candidate,True,True,False,network_infrastructure|data_digital,2,subgroup_changed|high_level_changed,approved_retag,Title-level review confirms the revised detailed subgroup or core-versus-adjacent assignment better describes the technical work.
Z292NC9tb2RfbmFpa3lva3UvMjAyMy8yMDIzMDUxOV8wMzc2Mgo=,【訂正公告】人事・給与情報システムデータ移行支援役務,防衛省自衛隊,13,東京都,2023,2023-05-19T00:00:00+09:00,https://www.mod.go.jp/j/budget/chotatsu/naikyoku/nyuusatu/2023/0519b.pdf,1.0.0,True,False,True,data_digital,1,1.1.0-candidate,True,True,False,network_infrastructure|data_digital,2,subgroup_changed|high_level_changed,approved_retag,Title-level review confirms the revised detailed subgroup or core-versus-adjacent assignment better describes the technical work.
Z292NC9tb2RfbmFpa3lva3UvMjAyMy8yMDIzMDYyOF8wNDA5NQo=,【訂正公告】人事・給与情報システムデータ移行支援役務,防衛省自衛隊,13,東京都,2023,2023-06-28T00:00:00+09:00,https://www.mod.go.jp/j/budget/chotatsu/naikyoku/nyuusatu/2023/0628c.pdf,1.0.0,True,False,True,data_digital,1,1.1.0-candidate,True,True,False,network_infrastructure|data_digital,2,subgroup_changed|high_level_changed,approved_retag,Title-level review confirms the revised detailed subgroup or core-versus-adjacent assignment better describes the technical work.
Z292Ny9jYnJfbWxpdC8yMDIzLzIwMjMwMTI3XzA0NDk4Cg==,令和５年度 AI-OCRサービス提供業務,国土交通省中部地方整備局,23,愛知県,2023,2023-01-27T00:00:00+09:00,https://www.cbr.mlit.go.jp/contract/buppin/bukoukoku/r4/230127-ai-kyoku.pdf,1.0.0,True,False,True,artificial_intelligence,1,1.1.0-candidate,True,True,False,software_applications|artificial_intelligence,2,subgroup_changed|high_level_changed,approved_retag,Title-level review confirms the revised detailed subgroup or core-versus-adjacent assignment better describes the technical work.
Z292Ny9jYnJfbWxpdC8yMDIzLzIwMjMwMjE3XzA0NjIxCg==,令和５年度 中部地方整備局 AI-OCRサービス提供業務,国土交通省中部地方整備局,23,愛知県,2023,2023-02-17T00:00:00+09:00,https://www.cbr.mlit.go.jp/contract/buppin/bukoukoku/r4/230217-ai-kyoku.pdf,1.0.0,True,False,True,artificial_intelligence,1,1.1.0-candidate,True,True,False,software_applications|artificial_intelligence,2,subgroup_changed|high_level_changed,approved_retag,Title-level review confirms the revised detailed subgroup or core-versus-adjacent assignment better describes the technical work.
ZnVrdW9rYS9reXV0ZWNoX3VuaXYvMjAyMy8yMDIzMDEzMV8wMTA5Mwo=,ニューロモルフィックダイナミクスに基づく超低電力エッジAIチップ活用APIのROS化 一式,国立大学法人九州工業大学,40,福岡県,2023,2023-01-31T00:00:00+09:00,https://db.jimu.kyutech.ac.jp/cgi-bin/cbdb/db.cgi/%E5%85%AC%E5%91%8A%EF%BC%89%E3%83%8B%E3%83%A5%E3%83%BC%E3%83%AD%E3%83%A2%E3%83%AB%E3%83%95%E3%82%A3%E3%83%83%E3%82%AF%E3%83%80%E3%82%A4%E3%83%8A%E3%83%9F%E3%82%AF%E3%82%B9%E3%81%AB%E5%9F%BA%E3%81%A5%E3%81%8F%E8%B6%85%E4%BD%8E%E9%9B%BB%E5%8A%9B%E3%82%A8%E3%83%83%E3%82%B8AI%E3%83%81%E3%83%83%E3%83%97%E6%B4%BB%E7%94%A8API%E3%81%AEROS%E5%8C%96%20%E4%B8%80%E5%BC%8F.pdf?page=DBDownload&did=252&rid=2348&fid=12&ct=1&fileext=.pdf,1.0.0,True,False,True,artificial_intelligence,1,1.1.0-candidate,True,True,False,system_development|software_applications|artificial_intelligence,3,subgroup_changed|high_level_changed,approved_retag,Title-level review confirms the revised detailed subgroup or core-versus-adjacent assignment better describes the technical work.
Z292My9tb2RfZGloLzIwMjQvMjAyNDA3MjJfMDA5NTQK,地理空間情報支援システム（ＧＥＯＳＳ４）用電算機へのデータ移行役務,防衛省情報本部,13,東京都,2024,2024-07-22T00:00:00+09:00,https://www.mod.go.jp/dih/6.7.22-114.pdf,1.0.0,True,False,True,data_digital,1,1.1.0-candidate,True,True,False,network_infrastructure|data_digital,2,subgroup_changed|high_level_changed,approved_retag,Title-level review confirms the revised detailed subgroup or core-versus-adjacent assignment better describes the technical work.
Z292NC9tb2RfbmFpa3lva3UvMjAyNC8yMDI0MDIxNl8wNDMyNAo=,音響情報処理サブシステムのためのＡＩ維持管理検証基盤の維持管理等支援役務,防衛省自衛隊,13,東京都,2024,2024-02-16T00:00:00+09:00,https://www.mod.go.jp/j/budget/chotatsu/naikyoku/nyuusatu/2024/0216a.pdf,1.0.0,True,False,True,artificial_intelligence,1,1.1.0-candidate,True,True,False,operations_maintenance|artificial_intelligence,2,subgroup_changed|high_level_changed,approved_retag,Title-level review confirms the revised detailed subgroup or core-versus-adjacent assignment better describes the technical work.
Z292NC9tb2RfbmFpa3lva3UvMjAyNC8yMDI0MDIyMV8wNDMzMgo=,ＥＰ−３用地上解析装置のためのＡＩ維持管理検証基盤の維持管理等支援役務,防衛省自衛隊,13,東京都,2024,2024-02-21T00:00:00+09:00,https://www.mod.go.jp/j/budget/chotatsu/naikyoku/nyuusatu/2024/0221b.pdf,1.0.0,True,False,True,artificial_intelligence,1,1.1.0-candidate,True,True,False,operations_maintenance|artificial_intelligence,2,subgroup_changed|high_level_changed,approved_retag,Title-level review confirms the revised detailed subgroup or core-versus-adjacent assignment better describes the technical work.
Z292NC9tb2RfbmFpa3lva3UvMjAyNC8yMDI0MDIyMl8wNDM0MAo=,陸自整備補給システムのためのＡＩ維持管理検証基盤の維持管理等支援役務,防衛省自衛隊,13,東京都,2024,2024-02-22T00:00:00+09:00,https://www.mod.go.jp/j/budget/chotatsu/naikyoku/nyuusatu/2024/0222h.pdf,1.0.0,True,False,True,artificial_intelligence,1,1.1.0-candidate,True,True,False,operations_maintenance|artificial_intelligence,2,subgroup_changed|high_level_changed,approved_retag,Title-level review confirms the revised detailed subgroup or core-versus-adjacent assignment better describes the technical work.
Z292NC9tb2RfbmFpa3lva3UvMjAyNC8yMDI0MDIyMl8wNDMzOQo=,海上航空作戦指揮統制システムのためのＡＩ維持管理検証基盤の維持管理等支援役務,防衛省自衛隊,13,東京都,2024,2024-02-22T00:00:00+09:00,https://www.mod.go.jp/j/budget/chotatsu/naikyoku/nyuusatu/2024/0222g.pdf,1.0.0,True,False,True,artificial_intelligence,1,1.1.0-candidate,True,True,False,operations_maintenance|artificial_intelligence,2,subgroup_changed|high_level_changed,approved_retag,Title-level review confirms the revised detailed subgroup or core-versus-adjacent assignment better describes the technical work.
Z292NC9tb2RfbmFpa3lva3UvMjAyNC8yMDI0MDMxOV8wNDM2Ngo=,【訂正公告】ＥＰ−３用地上解析装置のためのＡＩ維持管理検証基盤の維持管理等支援役務,防衛省自衛隊,13,東京都,2024,2024-03-19T00:00:00+09:00,https://www.mod.go.jp/j/budget/chotatsu/naikyoku/nyuusatu/2024/0319a.pdf,1.0.0,True,False,True,artificial_intelligence,1,1.1.0-candidate,True,True,False,operations_maintenance|artificial_intelligence,2,subgroup_changed|high_level_changed,approved_retag,Title-level review confirms the revised detailed subgroup or core-versus-adjacent assignment better describes the technical work.
Z292NC9tb2RfbmFpa3lva3UvMjAyNC8yMDI0MDMxOV8wNDM2Nwo=,【訂正公告】陸自整備補給システムのためのＡＩ維持管理検証基盤の維持管理等支援役務,防衛省自衛隊,13,東京都,2024,2024-03-19T00:00:00+09:00,https://www.mod.go.jp/j/budget/chotatsu/naikyoku/nyuusatu/2024/0319b.pdf,1.0.0,True,False,True,artificial_intelligence,1,1.1.0-candidate,True,True,False,operations_maintenance|artificial_intelligence,2,subgroup_changed|high_level_changed,approved_retag,Title-level review confirms the revised detailed subgroup or core-versus-adjacent assignment better describes the technical work.
Z292NC9tb2RfbmFpa3lva3UvMjAyNC8yMDI0MDMxOV8wNDM2OAo=,【訂正公告】海上航空作戦指揮統制システムのためのＡＩ維持管理検証基盤の維持管理等支援役務,防衛省自衛隊,13,東京都,2024,2024-03-19T00:00:00+09:00,https://www.mod.go.jp/j/budget/chotatsu/naikyoku/nyuusatu/2024/0319c.pdf,1.0.0,True,False,True,artificial_intelligence,1,1.1.0-candidate,True,True,False,operations_maintenance|artificial_intelligence,2,subgroup_changed|high_level_changed,approved_retag,Title-level review confirms the revised detailed subgroup or core-versus-adjacent assignment better describes the technical work.
b3Nha2EvbWlub2hfY2l0eS8yMDI0LzIwMjQwNTAxXzAwMTU0Cg==,箕面市生成AI利用環境構築及び運用支援業務委託に係る総合評価入札方式による一般競争入札の実施について,大阪府箕面市,27,大阪府,2024,2024-05-01T00:00:00+09:00,https://www.city.minoh.lg.jp/gyoukaku/keiyaku/r6aitoolitaku.html,1.0.0,True,False,True,artificial_intelligence,1,1.1.0-candidate,True,True,False,system_development|artificial_intelligence,2,subgroup_changed|high_level_changed,approved_retag,Title-level review confirms the revised detailed subgroup or core-versus-adjacent assignment better describes the technical work.
Z292NS9haXN0X3VuaXQvMjAyNS8yMDI1MDEyN18wNzIzNwo=,AI計算基盤の高度利用に関する研究開発支援及び開発環境管理業務,国立研究開発法人産業技術総合研究所,13,東京都,2025,2025-01-27T00:00:00+09:00,https://www.aist.go.jp/aist_j/procure/supplyinfo/pub/detail/4I77AGN9,1.0.0,True,False,True,artificial_intelligence,1,1.1.0-candidate,True,True,False,system_development|artificial_intelligence,2,subgroup_changed|high_level_changed,approved_retag,Title-level review confirms the revised detailed subgroup or core-versus-adjacent assignment better describes the technical work.
Z292NS9haXN0X3VuaXQvMjAyNS8yMDI1MTIxMV8wNzM5Mgo=,AIテストベッド設計・構築,国立研究開発法人産業技術総合研究所,13,東京都,2025,2025-12-11T00:00:00+09:00,https://www.aist.go.jp/aist_j/procure/supplyinfo/pub/detail/VY3NN952,1.0.0,True,False,True,artificial_intelligence,1,1.1.0-candidate,True,True,False,system_development|artificial_intelligence,2,subgroup_changed|high_level_changed,approved_retag,Title-level review confirms the revised detailed subgroup or core-versus-adjacent assignment better describes the technical work.
dG9reW8vbW9kX2FzZGZfZnVjaHUvMjAyNS8yMDI1MDUyMl8wMDgwNgo=,データ解析用電子計算機システムのデータ移行等役務,防衛省航空自衛隊府中基地,13,東京都,2025,2025-05-22T00:00:00+09:00,https://www.mod.go.jp/asdf/fuchu/acs/choutatsu/kisho07-k7koukoku.pdf,1.0.0,True,False,True,data_digital,1,1.1.0-candidate,True,True,False,network_infrastructure|data_digital,2,subgroup_changed|high_level_changed,approved_retag,Title-level review confirms the revised detailed subgroup or core-versus-adjacent assignment better describes the technical work.
