key,project_name,organization_name,prefecture_name,external_document_uri,review_decision,suggested_it_tag,review_notes
aG9ra2FpZG8vaG9ra2FpZG9fcHJlZi8yMDI2LzIwMjYwMzI2XzAzMTQxCg==,一般競争入札（令和８年度国設酸性雨測定所保守管理等の委託業務）,北海道,北海道,https://www.pref.hokkaido.lg.jp/ks/jss/khz/252983.html,not_IT,,No clear IT/software work indicated by the project title.
c2VhcmNoL3BfcG9ydGFsLzIwMjQvMDUvMjAyNDA1MTNfMzAzOTIK,令和６年度第１回社屋状況等調査業務委託,財務省,神奈川県,https://www.p-portal.go.jp/pps-web-biz/UAA01/OAA0101,not_IT,,No clear IT/software work indicated by the project title.
c2VhcmNoL3BfcG9ydGFsLzIwMjYvMDMvMjAyNjAzMDlfNjY4MDQK,令和８年度 東京労働局 各労働基準監督署・公共職業安定所緑地剪定業務委託,厚生労働省,東京都,https://www.p-portal.go.jp/pps-web-biz/UAA01/OAA0101,not_IT,,No clear IT/software work indicated by the project title.
b3Nha2Evc2VubmFuX2NpdHkvMjAyNS8yMDI1MTIwNV8wMDA0NAo=,泉南市ポンプ場低濃度PCB廃棄物収集運搬処分業務委託に係る制限付一般競争入札の公告について,大阪府泉南市,大阪府,https://www.city.sennan.lg.jp/material/files/group/29/1_koukokudai41gou.pdf,not_IT,,No clear IT/software work indicated by the project title.
ZnVrdW9rYS9wb2xpY2VfZnVrdW9rYS8yMDI2LzIwMjYwMjAyXzAxNTkzCg==,認知機能検査業務委託契約に係る入札について,国家公安委員会（警察庁）福岡県警察,福岡県,https://www.police.pref.fukuoka.jp/data/open/cnt/3/22444/1/kokokninti2026.pdf,not_IT,,No clear IT/software work indicated by the project title.
aG9ra2FpZG8yL3NpbnJpbmthbnJpa3lva3UvMjAyNi8yMDI2MDMzMV8xMTQ4Mwo=,令和8年度胆振東部森林管理署収穫調査業務委託5号（電子調達対象案件）,林野庁北海道森林管理局,北海道,https://www.rinya.maff.go.jp/hokkaido/apply/publicsale/iburitoubu/attach/pdf/260331-10-1.pdf,not_IT,,No clear IT/software work indicated by the project title.
a2FuYWdhd2Evc2FnYW1paGFyYV9ob3NwLzIwMjQvMjAyNDEyMjdfMDAxMzQK,入札公告【令和７年度洗濯業務委託契約】,独立行政法人国立病院機構相模原病院,神奈川県,https://sagamihara.hosp.go.jp/pdf/nyusatu/20241227_5.pdf,not_IT,,No clear IT/software work indicated by the project title.
Z292Ny9jYnJfbWxpdC8yMDI1LzIwMjUwNTE2XzA0ODA4Cg==,令和７年度 三重県道路交通自動車起終点調査票等印刷業務,国土交通省中部地方整備局,愛知県,https://www.cbr.mlit.go.jp/contract/buppin/bukoukoku/data/pdf/FVpop6oXJs20250514_2.pdf,not_IT,,No clear IT/software work indicated by the project title.
c2VhcmNoL3BfcG9ydGFsLzIwMjYvMDYvMjAyNjA2MDJfNzI3NzUK,令和８年度第二次収穫調査業務委託（10号物件：笹ヶ丸山国有林外）,農林水産省,大阪府,https://www.p-portal.go.jp/pps-web-biz/UAA01/OAA0101,not_IT,,No clear IT/software work indicated by the project title.
Z292Ny9jYnJfbWxpdC8yMDI2LzIwMjYwMTMwXzA1MTE0Cg==,令和８年度 総合事業対応業務（沼津河川国道）,国土交通省中部地方整備局,愛知県,https://www.cbr.mlit.go.jp/contract/buppin/bukoukoku/data/pdf/9C1r8dYtO920260128_11.pdf,not_IT,,No clear IT/software work indicated by the project title.
aG9ra2FpZG8vb2JpaGlyb19jaXR5LzIwMjYvMjAyNjA0MjBfMDAxMzcK,道路縦断管整備調査設計業務委託 別表 （PDF 90.9 KB）,北海道帯広市,北海道,https://www.city.obihiro.hokkaido.jp/_res/projects/default_project/_page_/001/005/713/r8/betsu0420_5.pdf,not_IT,,No clear IT/software work indicated by the project title.
a2FuYWdhd2EvenVzaGlfY2l0eS8yMDI2LzIwMjYwNzE0XzAwMzMxCg==,街路樹簡易診断業務委託,神奈川県逗子市,神奈川県,https://www.city.zushi.kanagawa.jp/_res/projects/default_project/_page_/001/004/649/8koukou_gairozyukanisinndan.pdf,not_IT,,No clear IT/software work indicated by the project title.
c2VhcmNoL3BfcG9ydGFsLzIwMjYvMDYvMjAyNjA2MTBfNzM1MDgK,令和８年度尿素SCRシステム搭載車における排出ガス実態調査委託業務,環境省,東京都,https://www.p-portal.go.jp/pps-web-biz/UAA01/OAA0101,not_IT,,No clear IT/software work indicated by the project title.
c2VhcmNoL3BfcG9ydGFsLzIwMjYvMDUvMjAyNjA1MTNfNzEyMTUK,令和８年度排水処理における温室効果ガス排出量等に関する調査検討委託業務,環境省,東京都,https://www.p-portal.go.jp/pps-web-biz/UAA01/OAA0101,not_IT,,No clear IT/software work indicated by the project title.
YWljaGkvbmFnb3lhX2lyeW9fY2VudGVyLzIwMjYvMjAyNjAyMTdfMDA0MDMK,入札公告:【業務委託（臨床研究補助）一式】,独立行政法人国立病院機構名古屋医療センター,愛知県,https://nagoya.hosp.go.jp/cyoutatu/nyu_232.pdf,not_IT,,No clear IT/software work indicated by the project title.
dG9reW8vc2V0YWdheWFfY2l0eS8yMDI2LzIwMjYwMjEwXzAwMDIzCg==,「清川泰次記念ギャラリー改築に伴う基本設計等並びに船橋公文書庫改修工事実施設計業務委託」事業者選定プロポーザルの実施について,東京都世田谷区,東京都,https://www.city.setagaya.lg.jp/documents/24664/1-jissiyouryou.pdf,not_IT,,No clear IT/software work indicated by the project title.
c2VhcmNoL3BfcG9ydGFsLzIwMjYvMDUvMjAyNjA1MjZfNzIxMzAK,令和８年度カーボンプライシングに関する国際シンポジウム等開催支援委託業務［総合評価落札方式］,環境省,東京都,https://www.p-portal.go.jp/pps-web-biz/UAA01/OAA0101,not_IT,,No clear IT/software work indicated by the project title.
dG9reW8vY3VzdG9tc190b2t5by8yMDI2LzIwMjYwMTI4XzAwODEyCg==,令和８年度 東京港湾合同庁舎等における廃棄物処理に係る委託業務（PDF：138KB）,財務省東京税関,東京都,https://www.customs.go.jp/kyotsu/chotatsu/nyusatsu/n_tokyo/cyo20260128.pdf,not_IT,,No clear IT/software work indicated by the project title.
Z292Ni9rYWlob19tbGl0XzAza2Fua3UvMjAyNS8yMDI1MDExMF8wMTY5Mgo=,令和７年度海外派遣要員に係る予防接種一式（単価契約）,海上保安庁第三管区海上保安本部,神奈川県,https://www.kaiho.mlit.go.jp/03kanku/nyusatsu/R7_koukoku/yamaki/tan1%20koukoku.pdf,not_IT,,No clear IT/software work indicated by the project title.
b3Nha2Eva2Fkb21hX2NpdHkvMjAyNi8yMDI2MDYwM18wMTAwOAo=,郵送期限： 6月12日 市内一円水路草刈業務委託 第2工区(再発注),大阪府門真市,大阪府,https://www.city.kadoma.osaka.jp/material/files/group/40/1zissiyouryou8-2-2.pdf,not_IT,,No clear IT/software work indicated by the project title.
aG9ra2FpZG8vZW5pd2FfY2l0eS8yMDI2LzIwMjYwNzE0XzAwNjMyCg==,南18号JR横断管更新設計委託業務（7月14日告示 7月14日～7月24日） (PDFファイル: 135.7KB),北海道恵庭市,北海道,https://www.city.eniwa.hokkaido.jp/material/files/group/8/080714-k8.pdf,not_IT,,No clear IT/software work indicated by the project title.
ZnVrdW9rYS9mdWt1b2thX3ByZWYvMjAyNS8yMDI1MDEzMV8wMzYzMwo=,伊良原ダムCCTV設備保守点検業務委託に係る一般競争入札の公告について,福岡県,福岡県,https://www.pref.fukuoka.lg.jp/bid-info/irahracctv.html,uncertain,telecommunications_infrastructure,"CCTV maintenance may include networking, but the title primarily indicates physical security equipment maintenance."
a2FuYWdhd2EvenVzaGlfY2l0eS8yMDI0LzIwMjQxMjAzXzAwMTY0Cg==,ごみ処理施設精密機能検査業務委託,神奈川県逗子市,神奈川県,https://www.city.zushi.kanagawa.jp/_res/projects/default_project/_page_/001/004/649/gomisyorikensa_siyou.pdf,not_IT,,No clear IT/software work indicated by the project title.
c2VhcmNoL3BfcG9ydGFsLzIwMjUvMTIvMjAyNTEyMjRfNTU5NTcK,最高裁判所電話交換業務委託,最高裁判所,東京都,https://www.p-portal.go.jp/pps-web-biz/UAA01/OAA0101,not_IT,,No clear IT/software work indicated by the project title.
YWljaGkvYWljaGlfcm91ZG91a3lva3UvMjAyNC8yMDI0MTIxN18wMDYxNAo=,12/16～1/7公告 令和6年度「外国人留学生等対象 合同企業説明会」に係る会場設営等業務委託契約,厚生労働省愛知労働局,愛知県,https://jsite.mhlw.go.jphttps://www.p-portal.go.jp/pps-web-biz/,not_IT,,No clear IT/software work indicated by the project title.
c2VhcmNoL3BfcG9ydGFsLzIwMjUvMTIvMjAyNTEyMDFfNTQwNTIK,【陸装研】追従走行検討役務,防衛省,神奈川県,https://www.p-portal.go.jp/pps-web-biz/UAA01/OAA0101,uncertain,embedded_or_intelligent_transport,"May involve autonomous/technical systems, but the title alone does not establish software or IT delivery."
c2VhcmNoL3BfcG9ydGFsLzIwMjYvMDMvMjAyNjAzMjdfNjgzMTEK,令和8年度十勝西部森林管理署収穫調査業務委託1号,農林水産省,北海道,https://www.p-portal.go.jp/pps-web-biz/UAA01/OAA0101,not_IT,,No clear IT/software work indicated by the project title.
YWljaGkyL2N1c3RvbXNfbmFnb3lhLzIwMjUvMjAyNTAyMjdfMDAwNTMK,名古屋税関監視艇（監視艇はごろも後継船）建造監理業務委託（PDF：89KB）,財務省名古屋税関,愛知県,https://www.customs.go.jp/kyotsu/chotatsu/nyusatsu/n_nagoya/ngo_n_20250227_64.pdf,not_IT,,No clear IT/software work indicated by the project title.
c2VhcmNoL3BfcG9ydGFsLzIwMjYvMDEvMjAyNjAxMTNfNTcyOTkK,東京拘置所一般廃棄物及び産業廃棄物収集運搬・処分業務委託（令和８年度単価契約）,法務省,東京都,https://www.p-portal.go.jp/pps-web-biz/UAA01/OAA0101,not_IT,,No clear IT/software work indicated by the project title.
aG9ra2FpZG8vaG9ra2FpZG9fcHJlZi8yMDI2LzIwMjYwMjI3XzAzMDE2Cg==,一般競争入札の執行について（給食業務委託契約）,北海道,北海道,https://www.pref.hokkaido.lg.jp/hf/kyg/214427.html,not_IT,,No clear IT/software work indicated by the project title.
ZnVrdW9rYS9mdWt1b2thX3JvdWRvdWt5b2t1LzIwMjUvMjAyNTAzMDdfMDA3NDQK,令和7年度福岡労働局官用車車検及び法定12か月点検等保守業務委託（単価契約）,厚生労働省福岡労働局,福岡県,https://jsite.mhlw.go.jp/fukuoka-roudoukyoku/content/contents/002170458.pdf,not_IT,,No clear IT/software work indicated by the project title.
a2FuYWdhd2EvaGFkYW5vX2NpdHkvMjAyNS8yMDI1MDQwMl8wMzQ5OAo=,令和７年度伊勢原清掃工場汚水引抜及び運搬業務委託（単価契約）,神奈川県秦野市,神奈川県,https://www.city.hadano.kanagawa.jp/sekkeitosho/2_gaiyou/5073019.pdf,not_IT,,No clear IT/software work indicated by the project title.
YWljaGkva2FyaXlhX2NpdHkvMjAyNS8yMDI1MDQwM18wMTUzOAo=,三豊公園管理業務委託 （PDF 164.3KB）,愛知県刈谷市,愛知県,https://www.city.kariya.lg.jp/_res/projects/default_project/_page_/001/006/236/r7-243.pdf,not_IT,,No clear IT/software work indicated by the project title.
Z292Ni9rYWlob19tbGl0XzAza2Fua3UvMjAyNC8yMDI0MDkyOF8wMTYzMwo=,測量船はましお定期修理,海上保安庁第三管区海上保安本部,神奈川県,https://www.kaiho.mlit.go.jp/03kanku/nyusatsu/R6_koukoku/sesoko/hune135%20koukoku.pdf,not_IT,,No clear IT/software work indicated by the project title.
Z292Mi90Yl9tbGl0X2NodWJ1LzIwMjYvMjAyNjA1MTRfMDAzMDEK,公示タイトル,国土交通省中部運輸局,愛知県,https://wwwtb.mlit.go.jp/chubu/soumu/nyuusatsu/PDF%E3%81%AE%E3%83%95%E3%82%A1%E3%82%A4%E3%83%AB%E5%90%8D,uncertain,,Unusable generic title; source-document inspection would be required. This is a title-quality issue.
aG9ra2FpZG8vd2Fra2FuYWlzaGkvMjAyNi8yMDI2MDYwOF8wMTEyOQo=,空き家等実態調査業務委託,北海道稚内市,北海道,https://www.city.wakkanai.hokkaido.jp/files/00020500/00020561/r08-081-0023.pdf,not_IT,,No clear IT/software work indicated by the project title.
b3Nha2EvdG95b25ha2FfY2l0eS8yMDI0LzIwMjQxMjE5XzAxMDAwCg==,令和6年度猪名川流域下水道原田処理場3系送風機棟外耐震補強実施設計業務委託,大阪府豊中市,大阪府,https://www.city.toyonaka.osaka.jp/jigyosya/keiyaku/koukoku/20241219.files/koukoku-inagawa3taisinnsekkei.pdf,not_IT,,No clear IT/software work indicated by the project title.
c2VhcmNoL3BfcG9ydGFsLzIwMjYvMDIvMjAyNjAyMjRfNjUwNTQK,日本産酒類輸出促進コンソーシアムに係る運営業務委託,財務省,東京都,https://www.p-portal.go.jp/pps-web-biz/UAA01/OAA0101,not_IT,,No clear IT/software work indicated by the project title.
aG9ra2FpZG8vaGtkX21saXRfZ29fcnVtb2kvMjAyNi8yMDI2MDExNV8wMDU1NQo=,6. 車両管理業務（羽幌道路事務所外）（単価契約）,国土交通省北海道開発局留萌開発建設部,北海道,https://www.hkd.mlit.go.jp/rm/keiyaku/f6h4sv0000000i3g-att/vm69hn0000000eyi.pdf,not_IT,,No clear IT/software work indicated by the project title.
Z292Ny9jYnJfbWxpdC8yMDI2LzIwMjYwMjA2XzA1MTYxCg==,令和８年度 天竜川上流災害対策車管理業務,国土交通省中部地方整備局,愛知県,https://www.cbr.mlit.go.jp/contract/buppin/bukoukoku/data/pdf/FGi64cPbxK20260205_25.pdf,not_IT,,No clear IT/software work indicated by the project title.
aG9ra2FpZG8yL3RvYmV0c3VfdG93bi8yMDI2LzIwMjYwMzA0XzAwMDAzCg==,当別町学校給食調理外業務委託公募型プロポーザルの実施について,北海道当別町,北海道,https://www.town.tobetsu.hokkaido.jp/uploaded/attachment/28095.pdf,not_IT,,No clear IT/software work indicated by the project title.
ZnVrdW9rYS9mdWt1b2thX3JvdWRvdWt5b2t1LzIwMjYvMjAyNjA1MTJfMDA4NDEK,マザーズハローワーク天神及びマザーズハローワーク北九州におけるパソコン関係セミナー等実施業務委託,厚生労働省福岡労働局,福岡県,https://jsite.mhlw.go.jp/fukuoka-roudoukyoku/content/contents/002650754.pdf,uncertain,digital_training,Computer training is digitally related but is not core software/IT delivery.
aG9ra2FpZG8vaG9ra2FpZG9fcHJlZi8yMDI2LzIwMjYwMzI1XzAzMTMzCg==,業務委託発注予定,北海道,北海道,https://www.pref.hokkaido.lg.jp/kg/sum/kanzai/gyoumuitaku-yotei.html,uncertain,,Generic page title rather than a specific project; source-page inspection would be required.
dG9reW8vc2hpbmp1a3VfY2l0eS8yMDI2LzIwMjYwNDE1XzAwMDAxCg==,「ウォーキングイベント実施業務委託」に係る公募型プロポーザルの実施について,東京都新宿区,東京都,https://www.city.shinjuku.lg.jp/content/000423044.pdf,not_IT,,No clear IT/software work indicated by the project title.
c2VhcmNoL3BfcG9ydGFsLzIwMjUvMTIvMjAyNTEyMTdfNTQ4ODgK,自家用電気工作物の保安管理業務委託契約,法務省,福岡県,https://www.p-portal.go.jp/pps-web-biz/UAA01/OAA0101,not_IT,,No clear IT/software work indicated by the project title.
Z292Ni9rYWlob19tbGl0XzAza2Fua3UvMjAyNC8yMDI0MDIyN18wMTQ3OAo=,横須賀・清水・下田海上保安部航路標識保守業務,海上保安庁第三管区海上保安本部,神奈川県,https://www.kaiho.mlit.go.jp/03kanku/nyusatsu/R6_koukoku/akita/nenkan2%20koukoku.pdf,not_IT,,No clear IT/software work indicated by the project title.
ZnVrdW9rYS9rZW5zYXRzdV9mdWt1b2thLzIwMjQvMjAyNDAyMDFfMDAxMDIK,令和６年度小倉第二合同庁舎電気機械設備運転・保守管理等業務及び昇降機設備保守業務委託契約,検察庁福岡地方検察庁,福岡県,https://www.kensatsu.go.jp/content/001334586.pdf,not_IT,,No clear IT/software work indicated by the project title.
Z292Ny9jYnJfbWxpdC8yMDI2LzIwMjYwMjEwXzA1MTc4Cg==,令和７年度 小里川ダム水質監視分析作業,国土交通省中部地方整備局,愛知県,https://www.cbr.mlit.go.jp/contract/buppin/bukoukoku/data/pdf/R57SV48LkJ20260204_14.pdf,not_IT,,No clear IT/software work indicated by the project title.
c2VhcmNoL3BfcG9ydGFsLzIwMjUvMTEvMjAyNTExMTRfNTI4ODkK,令和７年度日高南部森林管理署収穫調査業務委託７号,農林水産省,北海道,https://www.p-portal.go.jp/pps-web-biz/UAA01/OAA0101,not_IT,,No clear IT/software work indicated by the project title.
c2VhcmNoL3BfcG9ydGFsLzIwMjYvMDQvMjAyNjA0MTRfNjk2MDEK,令和８年度名古屋刑務所医療機器保守点検業務委託契約契約（人工呼吸器）,法務省,愛知県,https://www.p-portal.go.jp/pps-web-biz/UAA01/OAA0101,not_IT,,No clear IT/software work indicated by the project title.
dG9reW8vbmNjX2dvLzIwMjYvMjAyNjA0MTdfMDM2NjYK,令和8年度 税務関連業務委託 一式,国立研究開発法人国立がん研究センター,東京都,https://www.ncc.go.jp/jp/chotatsu/tsukiji/010/koukoku0417.pdf,not_IT,,No clear IT/software work indicated by the project title.
ZnVrdW9rYS9wb2xpY2VfZnVrdW9rYS8yMDI2LzIwMjYwMzA2XzAxNjE2Cg==,安全運転管理者等関係業務委託契約に係る入札について,国家公安委員会（警察庁）福岡県警察,福岡県,https://www.police.pref.fukuoka.jp/data/open/cnt/3/22692/1/120260306kankeigyoumu.pdf,not_IT,,No clear IT/software work indicated by the project title.
c2VhcmNoL3BfcG9ydGFsLzIwMjYvMDYvMjAyNjA2MDVfNzMwNzYK,特定個人情報保護評価指針の再検討に係る調査委託業務,個人情報保護委員会東京都,東京都,https://www.p-portal.go.jp/pps-web-biz/UAA01/OAA0101,not_IT,,No clear IT/software work indicated by the project title.
ZnVrdW9rYS9mdWt1b2thX3JvdWRvdWt5b2t1LzIwMjUvMjAyNTExMjVfMDA3ODUK,令和8年度福岡労働局各官署における空気環境等測定業務委託,厚生労働省福岡労働局,福岡県,https://jsite.mhlw.go.jp/fukuoka-roudoukyoku/content/contents/002470250.pdf,not_IT,,No clear IT/software work indicated by the project title.
Z292Ny9jYnJfbWxpdC8yMDI2LzIwMjYwMjEwXzA1MTgzCg==,令和８年度 豊川・矢作川水質自動監視所保守点検作業,国土交通省中部地方整備局,愛知県,https://www.cbr.mlit.go.jp/contract/buppin/bukoukoku/data/pdf/SKB2S2RtIC20260206_15.pdf,not_IT,,No clear IT/software work indicated by the project title.
aG9ra2FpZG8vZW5pd2FfY2l0eS8yMDI2LzIwMjYwNjE5XzAwNjIxCg==,北島排水機場・南9号排水路草刈委託業務（6月18日告示 6月18日～6月25日） (PDFファイル: 125.7KB),北海道恵庭市,北海道,https://www.city.eniwa.hokkaido.jp/material/files/group/8/080618-k2.pdf,not_IT,,No clear IT/software work indicated by the project title.
aG9ra2FpZG8vd2Fra2FuYWlzaGkvMjAyNi8yMDI2MDMwOV8wMTAyMQo=,稚内市立図書館清掃業務委託,北海道稚内市,北海道,https://www.city.wakkanai.hokkaido.jp/files/00020100/00020111/r08-016-004.pdf,not_IT,,No clear IT/software work indicated by the project title.
c2VhcmNoL3BfcG9ydGFsLzIwMjQvMDIvMjAyNDAyMjdfMjMyNzQK,令和６年度 新規採用時健診、一般健康診断及び特殊健康診断業務委託（単価契約）,厚生労働省,神奈川県,https://www.p-portal.go.jp/pps-web-biz/UAA01/OAA0101,not_IT,,No clear IT/software work indicated by the project title.
c2VhcmNoL3BfcG9ydGFsLzIwMjYvMDUvMjAyNjA1MjBfNzE3NDQK,令和８ 年度 U N R - A D S の国内取り入れに向けた調査【業務委託】,国土交通省,東京都,https://www.p-portal.go.jp/pps-web-biz/UAA01/OAA0101,uncertain,,The acronym and title are insufficient to determine whether this is IT-related without opening the source.
c2VhcmNoL3BfcG9ydGFsLzIwMjUvMTIvMjAyNTEyMjJfNTUzOTcK,【中部運輸局】愛知運輸支局の登録事項等証明書交付業務等の委託業務,国土交通省,愛知県,https://www.p-portal.go.jp/pps-web-biz/UAA01/OAA0101,not_IT,,No clear IT/software work indicated by the project title.
Z292Ni9rYWlob19tbGl0XzAza2Fua3UvMjAyMy8yMDIzMTIyMF8wMTQyNgo=,海上保安業務啓蒙活動用映像編集作成業務,海上保安庁第三管区海上保安本部,神奈川県,https://www.kaiho.mlit.go.jp/03kanku/nyusatsu/R5_koukoku/akita/eki225%20koukoku.pdf,not_IT,,No clear IT/software work indicated by the project title.
aG9ra2FpZG8vaG9ra2FpZG9fcHJlZi8yMDI2LzIwMjYwNDI0XzAzMjYzCg==,総合評価一般競争入札の実施（令和８年度ものづくり産業におけるグリーン・デジタル推進事業（相談会・専門家派遣・マッチング）委託業務）,北海道,北海道,https://www.pref.hokkaido.lg.jp/sm/kmc/256764.html,uncertain,digital_process_consulting,"Digital-industry support is adjacent, but the title describes consulting/events rather than technical delivery."
Z292Ny9jYnJfbWxpdC8yMDI2LzIwMjYwMjA1XzA1MTQ4Cg==,令和８年度 単価契約自動車修繕（越美）,国土交通省中部地方整備局,愛知県,https://www.cbr.mlit.go.jp/contract/buppin/bukoukoku/data/pdf/yx7HIqW3qp20260203_5.pdf,not_IT,,No clear IT/software work indicated by the project title.
c2VhcmNoL3BfcG9ydGFsLzIwMjUvMDIvMjAyNTAyMjVfMzY2NTMK,令和７年度大阪刑務所警備系業務委託請負契約,法務省,大阪府,https://www.p-portal.go.jp/pps-web-biz/UAA01/OAA0101,not_IT,,No clear IT/software work indicated by the project title.
ZnVrdW9rYS9rb2t1cmFfaXJ5b19jZW50ZXIvMjAyMy8yMDIzMTIyMF8wMDIzNgo=,電話交換業務委託,独立行政法人国立病院機構小倉医療センター,福岡県,https://kokura.hosp.go.jp/buppin/files/nyusatu/20240118.pdf,not_IT,,No clear IT/software work indicated by the project title.
ZnVrdW9rYS9mdWt1b2thX3JvdWRvdWt5b2t1LzIwMjUvMjAyNTAyMTRfMDA3MzIK,令和7年度 田川地区官署における浄化槽維持管理業務委託,厚生労働省福岡労働局,福岡県,https://jsite.mhlw.go.jp/fukuoka-roudoukyoku/content/contents/002142205.pdf,not_IT,,No clear IT/software work indicated by the project title.
Z292Ny9jYnJfbWxpdC8yMDI2LzIwMjYwMzA5XzA1Mjc2Cg==,令和８年度 単価契約越美山系砂防事務所公共嘱託登記業務（表示に関する登記）,国土交通省中部地方整備局,愛知県,https://www.cbr.mlit.go.jp/contract/buppin/bukoukoku/data/pdf/7gROBML0mr20260306_5.pdf,not_IT,,No clear IT/software work indicated by the project title.
c2VhcmNoL3BfcG9ydGFsLzIwMjYvMDYvMjAyNjA2MjRfNzQzNDUK,令和8年第60回通関士試験における試験会場設営及び試験運営業務委託契約,財務省,愛知県,https://www.p-portal.go.jp/pps-web-biz/UAA01/OAA0101,not_IT,,No clear IT/software work indicated by the project title.
c2VhcmNoL3BfcG9ydGFsLzIwMjYvMDIvMjAyNjAyMTNfNjMwMTcK,月形刑務所令和８年度清掃等環境整備業務委託契約,法務省,北海道,https://www.p-portal.go.jp/pps-web-biz/UAA01/OAA0101,not_IT,,No clear IT/software work indicated by the project title.
aG9ra2FpZG8vZWJldHN1X2NpdHkvMjAyNi8yMDI2MDIxOV8wMDg5Ngo=,市道維持管理等業務委託 [PDFファイル／136KB],北海道江別市,北海道,https://www.city.ebetsu.hokkaido.jp/uploaded/attachment/79847.pdf,not_IT,,No clear IT/software work indicated by the project title.
aG9ra2FpZG8yL3NpbnJpbmthbnJpa3lva3UvMjAyNS8yMDI1MTExMV8xMDc1MQo=,令和7年度網走南部森林管理署収穫調査業務委託8号（電子調達対象案件）,林野庁北海道森林管理局,北海道,https://www.rinya.maff.go.jp/hokkaido/apply/publicsale/abasirinanbu/attach/pdf/251111_1-1.pdf,not_IT,,No clear IT/software work indicated by the project title.
Z292Mi9pbW1pX21vai8yMDI1LzIwMjUxMjE1XzAxOTkyCg==,令和８年度自動車整備点検等業務委託契約（PDF：94KB）,出入国在留管理庁名古屋出入国在留管理局,愛知県,https://www.moj.go.jp/isa/content/001451658.pdf,not_IT,,No clear IT/software work indicated by the project title.
dG9reW8vdGl0ZWNoX2FjLzIwMjYvMjAyNjA3MTNfMDEwMDYK,ビザ・コンサルティング・サービス 一式,国立大学法人東京工業大学,東京都,http://www.zaimu.titech.ac.jp/keiyaku/kanren/koukoku/wpsys/wp-content/uploads/%E3%83%93%E3%82%B6%E3%83%BB%E3%82%B3%E3%83%B3%E3%82%B5%E3%83%AB%E3%83%86%E3%82%A3%E3%83%B3%E3%82%B0%E3%83%BB%E3%82%B5%E3%83%BC%E3%83%93%E3%82%B9-%E4%B8%80%E5%BC%8F_R8.7.13-R8.8.21.pdf,not_IT,,No clear IT/software work indicated by the project title.
a2FuYWdhd2EvaGFkYW5vX2NpdHkvMjAyNC8yMDI0MDQwM18wMzI4OQo=,令和６年度秦野市立図書館・公民館等業務連絡及び図書等配送委託業務（その２）（単価契約）,神奈川県秦野市,神奈川県,https://www.city.hadano.kanagawa.jp/sekkeitosho/2_gaiyou/5063015.pdf,not_IT,,No clear IT/software work indicated by the project title.
ZnVrdW9rYS9mdWt1b2thX3ByZWYvMjAyNi8yMDI2MDEyOF8wNDEzMQo=,一般競争入札の公告（日向神ダムＣＣＴＶ設備保守点検業務委託）,福岡県,福岡県,https://www.pref.fukuoka.lg.jp/bid-info/competivebidding-507-03.html,uncertain,telecommunications_infrastructure,"CCTV maintenance may include networking, but the title primarily indicates physical security equipment maintenance."
Z292NS9vZWlhLzIwMjYvMjAyNjAzMjRfMDAxMzIK,騒音斉合施設大井その２解体工事外１件実施設計業務委託,独立行政法人空港周辺整備機構,福岡県,https://www.oeia.or.jp/nyusatu/https://pdf.oeia.or.jp/nyusatu/upfile/koukoku_kaitaikoujisekkeiitaku.pdf,not_IT,,No clear IT/software work indicated by the project title.
Z292Ny9jYnJfbWxpdC8yMDI2LzIwMjYwMjAzXzA1MTQwCg==,令和８年度 単価契約名古屋国道機械設備修繕,国土交通省中部地方整備局,愛知県,https://www.cbr.mlit.go.jp/contract/buppin/bukoukoku/data/pdf/DdU8KxDe6L20260129_16.pdf,not_IT,,No clear IT/software work indicated by the project title.
aG9ra2FpZG8vaGFrb2RhdGVfc2hpcnlva3Vfc2hvZ2FpX2NlbnRlci8yMDI2LzIwMjYwMTIzXzAwMDE1Cg==,nyuusatsu_260123-2.pdf,国立障害者リハビリテーションセンター函館視力障害センター,北海道,https://www.rehab.go.jp/hakodate/files/tyoutatu/nyuusatsu_260123-2.pdf,uncertain,,Filename used as the title; source-document inspection would be required. This is a title-quality issue.
aG9ra2FpZG8vZW5pd2FfY2l0eS8yMDI1LzIwMjUxMjEwXzAwNTgzCg==,公園樹適正管理委託業務（12月10日公告 12月10日～12月17日） (PDFファイル: 123.2KB),北海道恵庭市,北海道,https://www.city.eniwa.hokkaido.jp/material/files/group/8/071210-k2.pdf,not_IT,,No clear IT/software work indicated by the project title.
b3Nha2Eva2Fkb21hX2NpdHkvMjAyNi8yMDI2MDUyN18wMDk5OQo=,郵便期限：6月8日 令和8年度学校受水槽・高架水槽清掃点検業務委託,大阪府門真市,大阪府,https://www.city.kadoma.osaka.jp/material/files/group/48/20260527jissiyouryoujyusuii.pdf,not_IT,,No clear IT/software work indicated by the project title.
Z292Ni9rYWlob19tbGl0XzAza2Fua3UvMjAyNS8yMDI1MDIwMV8wMTcyMgo=,令和７年度一般・特別定期健康診断等一式（単価契約）,海上保安庁第三管区海上保安本部,神奈川県,https://www.kaiho.mlit.go.jp/03kanku/nyusatsu/R7_koukoku/yamaki/tan10%20koukoku.pdf,not_IT,,No clear IT/software work indicated by the project title.
aG9ra2FpZG8vbmFrYXNoaWJldHN1X3Rvd24vMjAyNi8yMDI2MDQyMV8wMDM2Nwo=,測 量 第４号 清泉西８条通り他１測量設計委託業務,北海道中標津町,北海道,http://www.nakashibetsu.jp/file/contents/1002/52258/27.pdf,not_IT,,No clear IT/software work indicated by the project title.
dG9reW8vbWFjaGlkYV9jaXR5LzIwMjYvMjAyNjA2MDVfMDAwMDcK,【6月19日まで募集】「町田市市税等関連補助業務委託」公募型プロポーザルについて,東京都町田市,東京都,https://www.city.machida.tokyo.jp/jigyousha/nyusatsu/puropo/kobogata/sizeitoukanrenhojogyomuitaku.files/proposetumeisho.pdf,not_IT,,No clear IT/software work indicated by the project title.
ZnVrdW9rYS9zYXNhZ3VyaV90b3duLzIwMjYvMjAyNjA2MDRfMDAwNjQK,山王取水井戸水質検査業務委託(PDFファイル:99.2KB),福岡県篠栗町,福岡県,https://www.town.sasaguri.fukuoka.jp/material/files/group/7/kokokuE018.pdf,not_IT,,No clear IT/software work indicated by the project title.
dG9reW8vdGl0ZWNoX2FjLzIwMjYvMjAyNjAxMDdfMDA4NTUK,東京科学大学図書館大岡山図書館・すずかけ台図書館 夜間・休日司書業務 一式,国立大学法人東京工業大学,東京都,http://www.zaimu.titech.ac.jp/keiyaku/kanren/koukoku/wpsys/wp-content/uploads/%E6%9D%B1%E4%BA%AC%E7%A7%91%E5%AD%A6%E5%A4%A7%E5%AD%A6%E5%9B%B3%E6%9B%B8%E9%A4%A8%E5%A4%A7%E5%B2%A1%E5%B1%B1%E5%9B%B3%E6%9B%B8%E9%A4%A8%E3%83%BB%E3%81%99%E3%81%9A%E3%81%8B%E3%81%91%E5%8F%B0%E5%9B%B3%E6%9B%B8%E9%A4%A8-%E5%A4%9C%E9%96%93%E3%83%BB%E4%BC%91%E6%97%A5%E5%8F%B8%E6%9B%B8%E6%A5%AD%E5%8B%99-%E4%B8%80%E5%BC%8F_R8.1.7-R8.2.16.pdf,not_IT,,No clear IT/software work indicated by the project title.
Z292Ny9jYnJfbWxpdC8yMDI1LzIwMjUwNTE2XzA0ODEzCg==,令和７年度 単価契約豊橋河川事務所公共嘱託登記業務（権利に関する登記）,国土交通省中部地方整備局,愛知県,https://www.cbr.mlit.go.jp/contract/buppin/bukoukoku/data/pdf/epcW7yQg6s20250514_15.pdf,not_IT,,No clear IT/software work indicated by the project title.
aG9ra2FpZG8yL2hpZ2FzaGlrYWd1cmFfdG93bi8yMDI2LzIwMjYwNDI0XzAwMDA2Cg==,東神楽町地域防災計画改訂委託業務に係る公募型プロポーザルの実施について,北海道東神楽町,北海道,https://www.town.higashikagura.lg.jp/fs/5/3/9/7/3/_/__.pdf,not_IT,,No clear IT/software work indicated by the project title.
dG9reW8vbmNjaGQvMjAyNi8yMDI2MDIyNF8wMDUzMwo=,女性の健康総合センター整備工事監理業務委託,国立研究開発法人国立成育医療研究センター,東京都,https://www.ncchd.go.jp/purchase/20260224-01.pdf,not_IT,,No clear IT/software work indicated by the project title.
Z292Mi90Yl9tbGl0X2NodWJ1LzIwMjYvMjAyNjA3MDdfMDAzNTcK,公示タイトル,国土交通省中部運輸局,愛知県,https://wwwtb.mlit.go.jp/chubu/soumu/nyuusatsu/PDF%E3%81%AE%E3%83%95%E3%82%A1%E3%82%A4%E3%83%AB%E5%90%8D,uncertain,,Unusable generic title; source-document inspection would be required. This is a title-quality issue.
c2VhcmNoL3BfcG9ydGFsLzIwMjYvMDQvMjAyNjA0MjBfNjk5MDcK,西郷特別地域気象観測所露場移設及び撤去等工事監理業務委託,国土交通省,大阪府,https://www.p-portal.go.jp/pps-web-biz/UAA01/OAA0101,not_IT,,No clear IT/software work indicated by the project title.
c2VhcmNoL3BfcG9ydGFsLzIwMjYvMDEvMjAyNjAxMTNfNTczNTUK,岡崎医療刑務所樹木伐採等業務委託契約,法務省,愛知県,https://www.p-portal.go.jp/pps-web-biz/UAA01/OAA0101,not_IT,,No clear IT/software work indicated by the project title.
aG9ra2FpZG8yL3NpbnJpbmthbnJpa3lva3UvMjAyNi8yMDI2MDMyN18xMTM3OAo=,令和8年度留萌南部森林管理署収穫調査業務委託2号（電子調達対象案件）,林野庁北海道森林管理局,北海道,https://www.rinya.maff.go.jp/hokkaido/apply/publicsale/rumoinanbu/attach/pdf/260327-2-1.pdf,not_IT,,No clear IT/software work indicated by the project title.
Z292Ny9jYnJfbWxpdC8yMDI2LzIwMjYwMjEzXzA1MjE3Cg==,令和８年度 名古屋国道管内浄化槽点検及び貯水槽清掃業務,国土交通省中部地方整備局,愛知県,https://www.cbr.mlit.go.jp/contract/buppin/bukoukoku/data/pdf/RRZaYvMsdP20260209_16.pdf,not_IT,,No clear IT/software work indicated by the project title.
c2VhcmNoL3BfcG9ydGFsLzIwMjYvMDMvMjAyNjAzMDZfNjY3MTQK,令和８年度バイオプラスチック利活用を通じた一般廃棄物処理の脱炭素化検討委託業務〔総合評価落札方式〕,環境省,東京都,https://www.p-portal.go.jp/pps-web-biz/UAA01/OAA0101,not_IT,,No clear IT/software work indicated by the project title.
dG9reW8vaXRhYmFzaGlfY2l0eS8yMDI2LzIwMjYwNDIwXzAwMDEzCg==,【公募型プロポーザル】(仮称)ときわ台駅周辺地区及び上板橋駅北口周辺地区まちづくり基本計画策定業務委託,東京都板橋区,東京都,https://www.city.itabashi.tokyo.jp/_res/projects/default_project/_page_/001/063/722/bosyuuyoukouisshiki.zip,not_IT,,No clear IT/software work indicated by the project title.
c2VhcmNoL3BfcG9ydGFsLzIwMjQvMDIvMjAyNDAyMjZfMjI4MzQK,令和６年度神奈川労働局管内管理庁における消防設備保守点検業務委託,厚生労働省,神奈川県,https://www.p-portal.go.jp/pps-web-biz/UAA01/OAA0101,not_IT,,No clear IT/software work indicated by the project title.
a2FuYWdhd2EvenVzaGlfY2l0eS8yMDI2LzIwMjYwNDA3XzAwMjUwCg==,逗子市都市計画基礎調査業務委託,神奈川県逗子市,神奈川県,https://www.city.zushi.kanagawa.jp/_res/projects/default_project/_page_/001/004/649/8koukoku_tosikeikakukisotyousa.pdf,not_IT,,No clear IT/software work indicated by the project title.
c2VhcmNoL3BfcG9ydGFsLzIwMjYvMDEvMjAyNjAxMDZfNTY0ODkK,現有ヘリコプタの衝突回避システムに関する技術検討役務,防衛省,東京都,https://www.p-portal.go.jp/pps-web-biz/UAA01/OAA0101,uncertain,embedded_systems,"Technical work on an embedded system, but the title does not establish software development or IT service delivery."
aG9ra2FpZG8vaG9ra2FpZG9fcHJlZi8yMDI2LzIwMjYwNTE4XzAzMzc3Cg==,総合評価一般競争入札の実施（令和８年度外国人材受入・定着促進事業（定着等支援）委託業務）,北海道,北海道,https://www.pref.hokkaido.lg.jp/sm/kmc/258717.html,not_IT,,No clear IT/software work indicated by the project title.
c2VhcmNoL3BfcG9ydGFsLzIwMjYvMDIvMjAyNjAyMjBfNjQ2MzMK,令和８年度網走刑務所自動車運転業務委託契約,法務省,北海道,https://www.p-portal.go.jp/pps-web-biz/UAA01/OAA0101,not_IT,,No clear IT/software work indicated by the project title.
