prefecture_name,organization_name,cft_issue_year,it_notices,system_development,system_services,software_applications,operations_maintenance,cloud,cybersecurity,network_infrastructure,end_user_computing,data_digital,artificial_intelligence,it_consulting_planning,prefecture_label,previous_it_notices,it_absolute_annual_change,it_yoy_percent,growth_status,system_development_annual_change,system_services_annual_change,software_applications_annual_change,operations_maintenance_annual_change,cloud_annual_change,cybersecurity_annual_change,network_infrastructure_annual_change,end_user_computing_annual_change,data_digital_annual_change,artificial_intelligence_annual_change,it_consulting_planning_annual_change,leading_growth_subgroups,leading_subgroup_increase
北海道,北海道,2022,1,1,0,0,0,0,0,0,0,0,0,0,Hokkaido,,,,continuing,,,,,,,,,,,,,
北海道,北海道,2023,7,5,0,0,2,0,0,0,0,0,0,0,Hokkaido,1.0,6.0,600.0,continuing,4.0,0.0,0.0,2.0,0.0,0.0,0.0,0.0,0.0,0.0,0.0,System development,4.0
北海道,北海道,2024,3,1,0,0,2,0,0,0,0,0,0,0,Hokkaido,7.0,-4.0,-57.14285714285714,continuing,-4.0,0.0,0.0,0.0,0.0,0.0,0.0,0.0,0.0,0.0,0.0,,0.0
北海道,北海道,2025,13,8,0,1,2,0,0,0,0,2,0,0,Hokkaido,3.0,10.0,333.3333333333333,continuing,7.0,0.0,1.0,0.0,0.0,0.0,0.0,0.0,2.0,0.0,0.0,System development,7.0
北海道,北海道伊達市,2022,0,0,0,0,0,0,0,0,0,0,0,0,Hokkaido,,,,no_notices,,,,,,,,,,,,,
北海道,北海道伊達市,2023,0,0,0,0,0,0,0,0,0,0,0,0,Hokkaido,0.0,0.0,,no_notices,0.0,0.0,0.0,0.0,0.0,0.0,0.0,0.0,0.0,0.0,0.0,,0.0
北海道,北海道伊達市,2024,0,0,0,0,0,0,0,0,0,0,0,0,Hokkaido,0.0,0.0,,no_notices,0.0,0.0,0.0,0.0,0.0,0.0,0.0,0.0,0.0,0.0,0.0,,0.0
北海道,北海道伊達市,2025,2,0,0,0,0,1,1,0,0,0,0,0,Hokkaido,0.0,2.0,,new_or_returning,0.0,0.0,0.0,0.0,1.0,1.0,0.0,0.0,0.0,0.0,0.0,Cloud | Cybersecurity,1.0
北海道,北海道夕張市,2022,0,0,0,0,0,0,0,0,0,0,0,0,Hokkaido,,,,no_notices,,,,,,,,,,,,,
北海道,北海道夕張市,2023,0,0,0,0,0,0,0,0,0,0,0,0,Hokkaido,0.0,0.0,,no_notices,0.0,0.0,0.0,0.0,0.0,0.0,0.0,0.0,0.0,0.0,0.0,,0.0
北海道,北海道夕張市,2024,0,0,0,0,0,0,0,0,0,0,0,0,Hokkaido,0.0,0.0,,no_notices,0.0,0.0,0.0,0.0,0.0,0.0,0.0,0.0,0.0,0.0,0.0,,0.0
北海道,北海道夕張市,2025,2,2,0,0,0,0,0,0,0,0,0,0,Hokkaido,0.0,2.0,,new_or_returning,2.0,0.0,0.0,0.0,0.0,0.0,0.0,0.0,0.0,0.0,0.0,System development,2.0
北海道,北海道東神楽町,2022,0,0,0,0,0,0,0,0,0,0,0,0,Hokkaido,,,,no_notices,,,,,,,,,,,,,
北海道,北海道東神楽町,2023,0,0,0,0,0,0,0,0,0,0,0,0,Hokkaido,0.0,0.0,,no_notices,0.0,0.0,0.0,0.0,0.0,0.0,0.0,0.0,0.0,0.0,0.0,,0.0
北海道,北海道東神楽町,2024,0,0,0,0,0,0,0,0,0,0,0,0,Hokkaido,0.0,0.0,,no_notices,0.0,0.0,0.0,0.0,0.0,0.0,0.0,0.0,0.0,0.0,0.0,,0.0
北海道,北海道東神楽町,2025,1,1,0,0,0,0,0,0,0,0,1,0,Hokkaido,0.0,1.0,,new_or_returning,1.0,0.0,0.0,0.0,0.0,0.0,0.0,0.0,0.0,1.0,0.0,System development | Artificial intelligence,1.0
北海道,北海道深川市,2022,0,0,0,0,0,0,0,0,0,0,0,0,Hokkaido,,,,no_notices,,,,,,,,,,,,,
北海道,北海道深川市,2023,1,1,0,0,0,0,0,0,0,0,0,0,Hokkaido,0.0,1.0,,new_or_returning,1.0,0.0,0.0,0.0,0.0,0.0,0.0,0.0,0.0,0.0,0.0,System development,1.0
北海道,北海道深川市,2024,0,0,0,0,0,0,0,0,0,0,0,0,Hokkaido,1.0,-1.0,-100.0,no_notices,-1.0,0.0,0.0,0.0,0.0,0.0,0.0,0.0,0.0,0.0,0.0,,0.0
北海道,北海道深川市,2025,0,0,0,0,0,0,0,0,0,0,0,0,Hokkaido,0.0,0.0,,no_notices,0.0,0.0,0.0,0.0,0.0,0.0,0.0,0.0,0.0,0.0,0.0,,0.0
北海道,厚生労働省北海道労働局,2022,0,0,0,0,0,0,0,0,0,0,0,0,Hokkaido,,,,no_notices,,,,,,,,,,,,,
北海道,厚生労働省北海道労働局,2023,1,1,0,0,0,0,0,0,0,0,0,0,Hokkaido,0.0,1.0,,new_or_returning,1.0,0.0,0.0,0.0,0.0,0.0,0.0,0.0,0.0,0.0,0.0,System development,1.0
北海道,厚生労働省北海道労働局,2024,0,0,0,0,0,0,0,0,0,0,0,0,Hokkaido,1.0,-1.0,-100.0,no_notices,-1.0,0.0,0.0,0.0,0.0,0.0,0.0,0.0,0.0,0.0,0.0,,0.0
北海道,厚生労働省北海道労働局,2025,2,2,0,0,0,0,0,0,0,0,0,0,Hokkaido,0.0,2.0,,new_or_returning,2.0,0.0,0.0,0.0,0.0,0.0,0.0,0.0,0.0,0.0,0.0,System development,2.0
北海道,国土交通省北海道開発局留萌開発建設部,2022,6,2,0,0,4,0,0,2,0,0,0,0,Hokkaido,,,,continuing,,,,,,,,,,,,,
北海道,国土交通省北海道開発局留萌開発建設部,2023,2,1,0,0,2,0,0,0,0,0,0,0,Hokkaido,6.0,-4.0,-66.66666666666667,continuing,-1.0,0.0,0.0,-2.0,0.0,0.0,-2.0,0.0,0.0,0.0,0.0,,0.0
北海道,国土交通省北海道開発局留萌開発建設部,2024,0,0,0,0,0,0,0,0,0,0,0,0,Hokkaido,2.0,-2.0,-100.0,no_notices,-1.0,0.0,0.0,-2.0,0.0,0.0,0.0,0.0,0.0,0.0,0.0,,0.0
北海道,国土交通省北海道開発局留萌開発建設部,2025,0,0,0,0,0,0,0,0,0,0,0,0,Hokkaido,0.0,0.0,,no_notices,0.0,0.0,0.0,0.0,0.0,0.0,0.0,0.0,0.0,0.0,0.0,,0.0
北海道,国家公安委員会（警察庁）北海道警察本部会計課,2022,0,0,0,0,0,0,0,0,0,0,0,0,Hokkaido,,,,no_notices,,,,,,,,,,,,,
北海道,国家公安委員会（警察庁）北海道警察本部会計課,2023,0,0,0,0,0,0,0,0,0,0,0,0,Hokkaido,0.0,0.0,,no_notices,0.0,0.0,0.0,0.0,0.0,0.0,0.0,0.0,0.0,0.0,0.0,,0.0
北海道,国家公安委員会（警察庁）北海道警察本部会計課,2024,4,2,0,0,2,0,0,1,0,0,0,0,Hokkaido,0.0,4.0,,new_or_returning,2.0,0.0,0.0,2.0,0.0,0.0,1.0,0.0,0.0,0.0,0.0,System development | Operations and maintenance,2.0
北海道,国家公安委員会（警察庁）北海道警察本部会計課,2025,2,0,0,0,2,0,0,1,0,0,0,0,Hokkaido,4.0,-2.0,-50.0,continuing,-2.0,0.0,0.0,0.0,0.0,0.0,0.0,0.0,0.0,0.0,0.0,,0.0
北海道,独立行政法人国立病院機構北海道がんセンター,2022,0,0,0,0,0,0,0,0,0,0,0,0,Hokkaido,,,,no_notices,,,,,,,,,,,,,
北海道,独立行政法人国立病院機構北海道がんセンター,2023,1,0,0,0,1,0,0,0,0,0,0,0,Hokkaido,0.0,1.0,,new_or_returning,0.0,0.0,0.0,1.0,0.0,0.0,0.0,0.0,0.0,0.0,0.0,Operations and maintenance,1.0
北海道,独立行政法人国立病院機構北海道がんセンター,2024,0,0,0,0,0,0,0,0,0,0,0,0,Hokkaido,1.0,-1.0,-100.0,no_notices,0.0,0.0,0.0,-1.0,0.0,0.0,0.0,0.0,0.0,0.0,0.0,,0.0
北海道,独立行政法人国立病院機構北海道がんセンター,2025,1,0,0,1,0,0,0,0,0,0,0,0,Hokkaido,0.0,1.0,,new_or_returning,0.0,0.0,1.0,0.0,0.0,0.0,0.0,0.0,0.0,0.0,0.0,Software and applications,1.0
北海道,独立行政法人国立病院機構帯広病院,2022,1,0,0,0,1,0,0,0,0,0,0,0,Hokkaido,,,,continuing,,,,,,,,,,,,,
北海道,独立行政法人国立病院機構帯広病院,2023,0,0,0,0,0,0,0,0,0,0,0,0,Hokkaido,1.0,-1.0,-100.0,no_notices,0.0,0.0,0.0,-1.0,0.0,0.0,0.0,0.0,0.0,0.0,0.0,,0.0
北海道,独立行政法人国立病院機構帯広病院,2024,0,0,0,0,0,0,0,0,0,0,0,0,Hokkaido,0.0,0.0,,no_notices,0.0,0.0,0.0,0.0,0.0,0.0,0.0,0.0,0.0,0.0,0.0,,0.0
北海道,独立行政法人国立病院機構帯広病院,2025,0,0,0,0,0,0,0,0,0,0,0,0,Hokkaido,0.0,0.0,,no_notices,0.0,0.0,0.0,0.0,0.0,0.0,0.0,0.0,0.0,0.0,0.0,,0.0
北海道,財務省,2022,0,0,0,0,0,0,0,0,0,0,0,0,Hokkaido,,,,no_notices,,,,,,,,,,,,,
北海道,財務省,2023,0,0,0,0,0,0,0,0,0,0,0,0,Hokkaido,0.0,0.0,,no_notices,0.0,0.0,0.0,0.0,0.0,0.0,0.0,0.0,0.0,0.0,0.0,,0.0
北海道,財務省,2024,2,2,0,0,0,0,0,0,0,0,0,0,Hokkaido,0.0,2.0,,new_or_returning,2.0,0.0,0.0,0.0,0.0,0.0,0.0,0.0,0.0,0.0,0.0,System development,2.0
北海道,財務省,2025,1,1,0,0,0,0,0,0,0,0,0,0,Hokkaido,2.0,-1.0,-50.0,continuing,-1.0,0.0,0.0,0.0,0.0,0.0,0.0,0.0,0.0,0.0,0.0,,0.0
北海道,防衛省,2022,0,0,0,0,0,0,0,0,0,0,0,0,Hokkaido,,,,no_notices,,,,,,,,,,,,,
北海道,防衛省,2023,0,0,0,0,0,0,0,0,0,0,0,0,Hokkaido,0.0,0.0,,no_notices,0.0,0.0,0.0,0.0,0.0,0.0,0.0,0.0,0.0,0.0,0.0,,0.0
北海道,防衛省,2024,1,0,0,0,1,0,0,1,0,0,0,0,Hokkaido,0.0,1.0,,new_or_returning,0.0,0.0,0.0,1.0,0.0,0.0,1.0,0.0,0.0,0.0,0.0,Operations and maintenance | Network infrastructure,1.0
北海道,防衛省,2025,0,0,0,0,0,0,0,0,0,0,0,0,Hokkaido,1.0,-1.0,-100.0,no_notices,0.0,0.0,0.0,-1.0,0.0,0.0,-1.0,0.0,0.0,0.0,0.0,,0.0
北海道,防衛省陸上自衛隊北海道補給処,2022,0,0,0,0,0,0,0,0,0,0,0,0,Hokkaido,,,,no_notices,,,,,,,,,,,,,
北海道,防衛省陸上自衛隊北海道補給処,2023,0,0,0,0,0,0,0,0,0,0,0,0,Hokkaido,0.0,0.0,,no_notices,0.0,0.0,0.0,0.0,0.0,0.0,0.0,0.0,0.0,0.0,0.0,,0.0
北海道,防衛省陸上自衛隊北海道補給処,2024,1,1,0,0,0,0,0,0,0,0,0,0,Hokkaido,0.0,1.0,,new_or_returning,1.0,0.0,0.0,0.0,0.0,0.0,0.0,0.0,0.0,0.0,0.0,System development,1.0
北海道,防衛省陸上自衛隊北海道補給処,2025,0,0,0,0,0,0,0,0,0,0,0,0,Hokkaido,1.0,-1.0,-100.0,no_notices,-1.0,0.0,0.0,0.0,0.0,0.0,0.0,0.0,0.0,0.0,0.0,,0.0
北海道,防衛省陸上自衛隊北部方面会計隊本部,2022,0,0,0,0,0,0,0,0,0,0,0,0,Hokkaido,,,,no_notices,,,,,,,,,,,,,
北海道,防衛省陸上自衛隊北部方面会計隊本部,2023,0,0,0,0,0,0,0,0,0,0,0,0,Hokkaido,0.0,0.0,,no_notices,0.0,0.0,0.0,0.0,0.0,0.0,0.0,0.0,0.0,0.0,0.0,,0.0
北海道,防衛省陸上自衛隊北部方面会計隊本部,2024,2,0,0,2,0,0,0,0,0,0,0,0,Hokkaido,0.0,2.0,,new_or_returning,0.0,0.0,2.0,0.0,0.0,0.0,0.0,0.0,0.0,0.0,0.0,Software and applications,2.0
北海道,防衛省陸上自衛隊北部方面会計隊本部,2025,3,0,0,3,0,0,0,0,0,0,0,0,Hokkaido,2.0,1.0,50.0,continuing,0.0,0.0,1.0,0.0,0.0,0.0,0.0,0.0,0.0,0.0,0.0,Software and applications,1.0
大阪府,大阪府大阪市,2022,7,2,1,0,2,2,0,0,0,2,0,2,Osaka,,,,continuing,,,,,,,,,,,,,
大阪府,大阪府大阪市,2023,11,5,1,4,4,0,1,0,0,1,0,0,Osaka,7.0,4.0,57.14285714285714,continuing,3.0,0.0,4.0,2.0,-2.0,1.0,0.0,0.0,-1.0,0.0,-2.0,Software and applications,4.0
大阪府,大阪府大阪市,2024,16,5,4,1,6,1,0,1,0,5,0,0,Osaka,11.0,5.0,45.45454545454546,continuing,0.0,3.0,-3.0,2.0,1.0,-1.0,1.0,0.0,4.0,0.0,0.0,Data and digital,4.0
大阪府,大阪府大阪市,2025,9,2,2,0,1,1,1,0,0,2,0,1,Osaka,16.0,-7.0,-43.75,continuing,-3.0,-2.0,-1.0,-5.0,0.0,1.0,-1.0,0.0,-3.0,0.0,1.0,Cybersecurity | IT consulting and planning,1.0
大阪府,大阪府泉南市,2022,0,0,0,0,0,0,0,0,0,0,0,0,Osaka,,,,no_notices,,,,,,,,,,,,,
大阪府,大阪府泉南市,2023,0,0,0,0,0,0,0,0,0,0,0,0,Osaka,0.0,0.0,,no_notices,0.0,0.0,0.0,0.0,0.0,0.0,0.0,0.0,0.0,0.0,0.0,,0.0
大阪府,大阪府泉南市,2024,0,0,0,0,0,0,0,0,0,0,0,0,Osaka,0.0,0.0,,no_notices,0.0,0.0,0.0,0.0,0.0,0.0,0.0,0.0,0.0,0.0,0.0,,0.0
大阪府,大阪府泉南市,2025,1,0,0,0,1,0,0,0,0,0,0,0,Osaka,0.0,1.0,,new_or_returning,0.0,0.0,0.0,1.0,0.0,0.0,0.0,0.0,0.0,0.0,0.0,Operations and maintenance,1.0
大阪府,大阪府箕面市,2022,6,2,1,1,2,1,1,2,0,0,1,0,Osaka,,,,continuing,,,,,,,,,,,,,
大阪府,大阪府箕面市,2023,7,4,1,0,1,0,1,0,0,1,0,0,Osaka,6.0,1.0,16.666666666666675,continuing,2.0,0.0,-1.0,-1.0,-1.0,0.0,-2.0,0.0,1.0,-1.0,0.0,System development,2.0
大阪府,大阪府箕面市,2024,8,4,0,2,3,0,0,2,0,0,1,0,Osaka,7.0,1.0,14.28571428571428,continuing,0.0,-1.0,2.0,2.0,0.0,-1.0,2.0,0.0,-1.0,1.0,0.0,Software and applications | Operations and maintenance | Network infrastructure,2.0
大阪府,大阪府箕面市,2025,9,7,0,0,0,0,1,2,0,0,0,0,Osaka,8.0,1.0,12.5,continuing,3.0,0.0,-2.0,-3.0,0.0,1.0,0.0,0.0,0.0,-1.0,0.0,System development,3.0
大阪府,大阪府門真市,2022,2,0,0,0,0,0,0,2,0,0,0,0,Osaka,,,,continuing,,,,,,,,,,,,,
大阪府,大阪府門真市,2023,1,0,0,0,0,0,0,1,0,0,0,0,Osaka,2.0,-1.0,-50.0,continuing,0.0,0.0,0.0,0.0,0.0,0.0,-1.0,0.0,0.0,0.0,0.0,,0.0
大阪府,大阪府門真市,2024,0,0,0,0,0,0,0,0,0,0,0,0,Osaka,1.0,-1.0,-100.0,no_notices,0.0,0.0,0.0,0.0,0.0,0.0,-1.0,0.0,0.0,0.0,0.0,,0.0
大阪府,大阪府門真市,2025,3,0,0,0,3,0,0,0,0,0,0,0,Osaka,0.0,3.0,,new_or_returning,0.0,0.0,0.0,3.0,0.0,0.0,0.0,0.0,0.0,0.0,0.0,Operations and maintenance,3.0
大阪府,法務省,2022,0,0,0,0,0,0,0,0,0,0,0,0,Osaka,,,,no_notices,,,,,,,,,,,,,
大阪府,法務省,2023,0,0,0,0,0,0,0,0,0,0,0,0,Osaka,0.0,0.0,,no_notices,0.0,0.0,0.0,0.0,0.0,0.0,0.0,0.0,0.0,0.0,0.0,,0.0
大阪府,法務省,2024,1,0,0,0,1,0,0,0,0,0,0,0,Osaka,0.0,1.0,,new_or_returning,0.0,0.0,0.0,1.0,0.0,0.0,0.0,0.0,0.0,0.0,0.0,Operations and maintenance,1.0
大阪府,法務省,2025,0,0,0,0,0,0,0,0,0,0,0,0,Osaka,1.0,-1.0,-100.0,no_notices,0.0,0.0,0.0,-1.0,0.0,0.0,0.0,0.0,0.0,0.0,0.0,,0.0
大阪府,独立行政法人労働者健康安全機構大阪労災病院,2022,0,0,0,0,0,0,0,0,0,0,0,0,Osaka,,,,no_notices,,,,,,,,,,,,,
大阪府,独立行政法人労働者健康安全機構大阪労災病院,2023,0,0,0,0,0,0,0,0,0,0,0,0,Osaka,0.0,0.0,,no_notices,0.0,0.0,0.0,0.0,0.0,0.0,0.0,0.0,0.0,0.0,0.0,,0.0
大阪府,独立行政法人労働者健康安全機構大阪労災病院,2024,1,0,0,0,0,0,0,1,0,0,0,0,Osaka,0.0,1.0,,new_or_returning,0.0,0.0,0.0,0.0,0.0,0.0,1.0,0.0,0.0,0.0,0.0,Network infrastructure,1.0
大阪府,独立行政法人労働者健康安全機構大阪労災病院,2025,0,0,0,0,0,0,0,0,0,0,0,0,Osaka,1.0,-1.0,-100.0,no_notices,0.0,0.0,0.0,0.0,0.0,0.0,-1.0,0.0,0.0,0.0,0.0,,0.0
大阪府,独立行政法人国立病院機構大阪刀根山医療センター,2022,1,0,0,0,1,0,0,0,0,0,0,0,Osaka,,,,continuing,,,,,,,,,,,,,
大阪府,独立行政法人国立病院機構大阪刀根山医療センター,2023,0,0,0,0,0,0,0,0,0,0,0,0,Osaka,1.0,-1.0,-100.0,no_notices,0.0,0.0,0.0,-1.0,0.0,0.0,0.0,0.0,0.0,0.0,0.0,,0.0
大阪府,独立行政法人国立病院機構大阪刀根山医療センター,2024,0,0,0,0,0,0,0,0,0,0,0,0,Osaka,0.0,0.0,,no_notices,0.0,0.0,0.0,0.0,0.0,0.0,0.0,0.0,0.0,0.0,0.0,,0.0
大阪府,独立行政法人国立病院機構大阪刀根山医療センター,2025,2,1,0,0,1,0,0,0,0,0,0,1,Osaka,0.0,2.0,,new_or_returning,1.0,0.0,0.0,1.0,0.0,0.0,0.0,0.0,0.0,0.0,1.0,System development | Operations and maintenance | IT consulting and planning,1.0
大阪府,独立行政法人国立病院機構大阪南医療センター,2022,1,0,0,0,0,0,0,0,0,1,0,0,Osaka,,,,continuing,,,,,,,,,,,,,
大阪府,独立行政法人国立病院機構大阪南医療センター,2023,0,0,0,0,0,0,0,0,0,0,0,0,Osaka,1.0,-1.0,-100.0,no_notices,0.0,0.0,0.0,0.0,0.0,0.0,0.0,0.0,-1.0,0.0,0.0,,0.0
大阪府,独立行政法人国立病院機構大阪南医療センター,2024,0,0,0,0,0,0,0,0,0,0,0,0,Osaka,0.0,0.0,,no_notices,0.0,0.0,0.0,0.0,0.0,0.0,0.0,0.0,0.0,0.0,0.0,,0.0
大阪府,独立行政法人国立病院機構大阪南医療センター,2025,0,0,0,0,0,0,0,0,0,0,0,0,Osaka,0.0,0.0,,no_notices,0.0,0.0,0.0,0.0,0.0,0.0,0.0,0.0,0.0,0.0,0.0,,0.0
大阪府,独立行政法人国立病院機構近畿中央呼吸器センター,2022,2,0,0,0,2,0,0,0,0,0,0,0,Osaka,,,,continuing,,,,,,,,,,,,,
大阪府,独立行政法人国立病院機構近畿中央呼吸器センター,2023,1,0,0,0,1,0,0,0,0,0,0,0,Osaka,2.0,-1.0,-50.0,continuing,0.0,0.0,0.0,-1.0,0.0,0.0,0.0,0.0,0.0,0.0,0.0,,0.0
大阪府,独立行政法人国立病院機構近畿中央呼吸器センター,2024,1,0,0,0,1,0,0,0,0,0,0,0,Osaka,1.0,0.0,0.0,continuing,0.0,0.0,0.0,0.0,0.0,0.0,0.0,0.0,0.0,0.0,0.0,,0.0
大阪府,独立行政法人国立病院機構近畿中央呼吸器センター,2025,1,1,0,0,1,0,0,0,0,0,0,0,Osaka,1.0,0.0,0.0,continuing,1.0,0.0,0.0,0.0,0.0,0.0,0.0,0.0,0.0,0.0,0.0,System development,1.0
大阪府,財務省,2022,0,0,0,0,0,0,0,0,0,0,0,0,Osaka,,,,no_notices,,,,,,,,,,,,,
大阪府,財務省,2023,0,0,0,0,0,0,0,0,0,0,0,0,Osaka,0.0,0.0,,no_notices,0.0,0.0,0.0,0.0,0.0,0.0,0.0,0.0,0.0,0.0,0.0,,0.0
大阪府,財務省,2024,0,0,0,0,0,0,0,0,0,0,0,0,Osaka,0.0,0.0,,no_notices,0.0,0.0,0.0,0.0,0.0,0.0,0.0,0.0,0.0,0.0,0.0,,0.0
大阪府,財務省,2025,1,1,0,0,0,0,0,0,0,0,0,0,Osaka,0.0,1.0,,new_or_returning,1.0,0.0,0.0,0.0,0.0,0.0,0.0,0.0,0.0,0.0,0.0,System development,1.0
大阪府,防衛省,2022,0,0,0,0,0,0,0,0,0,0,0,0,Osaka,,,,no_notices,,,,,,,,,,,,,
大阪府,防衛省,2023,0,0,0,0,0,0,0,0,0,0,0,0,Osaka,0.0,0.0,,no_notices,0.0,0.0,0.0,0.0,0.0,0.0,0.0,0.0,0.0,0.0,0.0,,0.0
大阪府,防衛省,2024,1,0,0,0,1,0,0,1,0,0,0,0,Osaka,0.0,1.0,,new_or_returning,0.0,0.0,0.0,1.0,0.0,0.0,1.0,0.0,0.0,0.0,0.0,Operations and maintenance | Network infrastructure,1.0
大阪府,防衛省,2025,2,0,0,0,2,0,0,2,0,0,0,0,Osaka,1.0,1.0,100.0,continuing,0.0,0.0,0.0,1.0,0.0,0.0,1.0,0.0,0.0,0.0,0.0,Operations and maintenance | Network infrastructure,1.0
大阪府,防衛省自衛隊大阪地方協力本部,2022,0,0,0,0,0,0,0,0,0,0,0,0,Osaka,,,,no_notices,,,,,,,,,,,,,
大阪府,防衛省自衛隊大阪地方協力本部,2023,0,0,0,0,0,0,0,0,0,0,0,0,Osaka,0.0,0.0,,no_notices,0.0,0.0,0.0,0.0,0.0,0.0,0.0,0.0,0.0,0.0,0.0,,0.0
大阪府,防衛省自衛隊大阪地方協力本部,2024,0,0,0,0,0,0,0,0,0,0,0,0,Osaka,0.0,0.0,,no_notices,0.0,0.0,0.0,0.0,0.0,0.0,0.0,0.0,0.0,0.0,0.0,,0.0
大阪府,防衛省自衛隊大阪地方協力本部,2025,1,0,0,1,0,0,0,0,0,0,0,0,Osaka,0.0,1.0,,new_or_returning,0.0,0.0,1.0,0.0,0.0,0.0,0.0,0.0,0.0,0.0,0.0,Software and applications,1.0
愛知県,厚生労働省,2022,0,0,0,0,0,0,0,0,0,0,0,0,Aichi,,,,no_notices,,,,,,,,,,,,,
愛知県,厚生労働省,2023,0,0,0,0,0,0,0,0,0,0,0,0,Aichi,0.0,0.0,,no_notices,0.0,0.0,0.0,0.0,0.0,0.0,0.0,0.0,0.0,0.0,0.0,,0.0
愛知県,厚生労働省,2024,1,0,0,0,1,0,0,1,0,0,0,0,Aichi,0.0,1.0,,new_or_returning,0.0,0.0,0.0,1.0,0.0,0.0,1.0,0.0,0.0,0.0,0.0,Operations and maintenance | Network infrastructure,1.0
愛知県,厚生労働省,2025,0,0,0,0,0,0,0,0,0,0,0,0,Aichi,1.0,-1.0,-100.0,no_notices,0.0,0.0,0.0,-1.0,0.0,0.0,-1.0,0.0,0.0,0.0,0.0,,0.0
愛知県,厚生労働省愛知労働局,2022,1,0,0,0,1,0,0,1,0,0,0,0,Aichi,,,,continuing,,,,,,,,,,,,,
愛知県,厚生労働省愛知労働局,2023,1,0,0,0,1,0,0,1,0,0,0,0,Aichi,1.0,0.0,0.0,continuing,0.0,0.0,0.0,0.0,0.0,0.0,0.0,0.0,0.0,0.0,0.0,,0.0
愛知県,厚生労働省愛知労働局,2024,1,0,0,0,1,0,0,1,0,0,0,0,Aichi,1.0,0.0,0.0,continuing,0.0,0.0,0.0,0.0,0.0,0.0,0.0,0.0,0.0,0.0,0.0,,0.0
愛知県,厚生労働省愛知労働局,2025,1,0,0,0,1,0,0,1,0,0,0,0,Aichi,1.0,0.0,0.0,continuing,0.0,0.0,0.0,0.0,0.0,0.0,0.0,0.0,0.0,0.0,0.0,,0.0
愛知県,国土交通省中部地方整備局,2022,17,9,1,2,1,1,0,3,0,0,1,0,Aichi,,,,continuing,,,,,,,,,,,,,
愛知県,国土交通省中部地方整備局,2023,8,2,1,1,1,0,0,1,0,0,2,0,Aichi,17.0,-9.0,-52.94117647058824,continuing,-7.0,0.0,-1.0,0.0,-1.0,0.0,-2.0,0.0,0.0,1.0,0.0,Artificial intelligence,1.0
愛知県,国土交通省中部地方整備局,2024,0,0,0,0,0,0,0,0,0,0,0,0,Aichi,8.0,-8.0,-100.0,no_notices,-2.0,-1.0,-1.0,-1.0,0.0,0.0,-1.0,0.0,0.0,-2.0,0.0,,0.0
愛知県,国土交通省中部地方整備局,2025,8,5,0,0,3,0,0,1,0,1,0,0,Aichi,0.0,8.0,,new_or_returning,5.0,0.0,0.0,3.0,0.0,0.0,1.0,0.0,1.0,0.0,0.0,System development,5.0
愛知県,国土交通省中部地方整備局港湾空港部,2022,5,0,1,0,4,0,0,2,0,0,0,0,Aichi,,,,continuing,,,,,,,,,,,,,
愛知県,国土交通省中部地方整備局港湾空港部,2023,0,0,0,0,0,0,0,0,0,0,0,0,Aichi,5.0,-5.0,-100.0,no_notices,0.0,-1.0,0.0,-4.0,0.0,0.0,-2.0,0.0,0.0,0.0,0.0,,0.0
愛知県,国土交通省中部地方整備局港湾空港部,2024,0,0,0,0,0,0,0,0,0,0,0,0,Aichi,0.0,0.0,,no_notices,0.0,0.0,0.0,0.0,0.0,0.0,0.0,0.0,0.0,0.0,0.0,,0.0
愛知県,国土交通省中部地方整備局港湾空港部,2025,0,0,0,0,0,0,0,0,0,0,0,0,Aichi,0.0,0.0,,no_notices,0.0,0.0,0.0,0.0,0.0,0.0,0.0,0.0,0.0,0.0,0.0,,0.0
愛知県,国土交通省中部運輸局,2022,1,0,0,0,1,0,0,1,0,0,0,0,Aichi,,,,continuing,,,,,,,,,,,,,
愛知県,国土交通省中部運輸局,2023,1,0,0,0,1,0,0,1,0,0,0,0,Aichi,1.0,0.0,0.0,continuing,0.0,0.0,0.0,0.0,0.0,0.0,0.0,0.0,0.0,0.0,0.0,,0.0
愛知県,国土交通省中部運輸局,2024,0,0,0,0,0,0,0,0,0,0,0,0,Aichi,1.0,-1.0,-100.0,no_notices,0.0,0.0,0.0,-1.0,0.0,0.0,-1.0,0.0,0.0,0.0,0.0,,0.0
愛知県,国土交通省中部運輸局,2025,1,1,0,0,0,0,0,1,0,0,0,0,Aichi,0.0,1.0,,new_or_returning,1.0,0.0,0.0,0.0,0.0,0.0,1.0,0.0,0.0,0.0,0.0,System development | Network infrastructure,1.0
愛知県,国立研究開発法人国立長寿医療研究センター,2022,3,0,0,0,3,0,0,0,0,0,0,0,Aichi,,,,continuing,,,,,,,,,,,,,
愛知県,国立研究開発法人国立長寿医療研究センター,2023,13,4,0,0,9,1,0,1,0,1,0,0,Aichi,3.0,10.0,333.3333333333333,continuing,4.0,0.0,0.0,6.0,1.0,0.0,1.0,0.0,1.0,0.0,0.0,Operations and maintenance,6.0
愛知県,国立研究開発法人国立長寿医療研究センター,2024,8,1,0,1,8,0,0,2,0,0,0,0,Aichi,13.0,-5.0,-38.46153846153846,continuing,-3.0,0.0,1.0,-1.0,-1.0,0.0,1.0,0.0,-1.0,0.0,0.0,Software and applications | Network infrastructure,1.0
愛知県,国立研究開発法人国立長寿医療研究センター,2025,3,1,0,0,3,0,0,0,0,0,0,0,Aichi,8.0,-5.0,-62.5,continuing,0.0,0.0,-1.0,-5.0,0.0,0.0,-2.0,0.0,0.0,0.0,0.0,,0.0
愛知県,愛知県安城市,2022,0,0,0,0,0,0,0,0,0,0,0,0,Aichi,,,,no_notices,,,,,,,,,,,,,
愛知県,愛知県安城市,2023,0,0,0,0,0,0,0,0,0,0,0,0,Aichi,0.0,0.0,,no_notices,0.0,0.0,0.0,0.0,0.0,0.0,0.0,0.0,0.0,0.0,0.0,,0.0
愛知県,愛知県安城市,2024,0,0,0,0,0,0,0,0,0,0,0,0,Aichi,0.0,0.0,,no_notices,0.0,0.0,0.0,0.0,0.0,0.0,0.0,0.0,0.0,0.0,0.0,,0.0
愛知県,愛知県安城市,2025,1,1,0,0,0,0,0,0,0,0,0,0,Aichi,0.0,1.0,,new_or_returning,1.0,0.0,0.0,0.0,0.0,0.0,0.0,0.0,0.0,0.0,0.0,System development,1.0
愛知県,海上保安庁第四管区海上保安本部,2022,0,0,0,0,0,0,0,0,0,0,0,0,Aichi,,,,no_notices,,,,,,,,,,,,,
愛知県,海上保安庁第四管区海上保安本部,2023,1,0,0,0,1,0,0,0,0,0,0,0,Aichi,0.0,1.0,,new_or_returning,0.0,0.0,0.0,1.0,0.0,0.0,0.0,0.0,0.0,0.0,0.0,Operations and maintenance,1.0
愛知県,海上保安庁第四管区海上保安本部,2024,2,1,0,0,1,0,0,0,0,0,0,0,Aichi,1.0,1.0,100.0,continuing,1.0,0.0,0.0,0.0,0.0,0.0,0.0,0.0,0.0,0.0,0.0,System development,1.0
愛知県,海上保安庁第四管区海上保安本部,2025,1,0,0,0,1,0,0,0,0,0,0,0,Aichi,2.0,-1.0,-50.0,continuing,-1.0,0.0,0.0,0.0,0.0,0.0,0.0,0.0,0.0,0.0,0.0,,0.0
愛知県,独立行政法人国立病院機構豊橋医療センター,2022,0,0,0,0,0,0,0,0,0,0,0,0,Aichi,,,,no_notices,,,,,,,,,,,,,
愛知県,独立行政法人国立病院機構豊橋医療センター,2023,1,0,0,0,1,0,0,0,0,0,0,0,Aichi,0.0,1.0,,new_or_returning,0.0,0.0,0.0,1.0,0.0,0.0,0.0,0.0,0.0,0.0,0.0,Operations and maintenance,1.0
愛知県,独立行政法人国立病院機構豊橋医療センター,2024,0,0,0,0,0,0,0,0,0,0,0,0,Aichi,1.0,-1.0,-100.0,no_notices,0.0,0.0,0.0,-1.0,0.0,0.0,0.0,0.0,0.0,0.0,0.0,,0.0
愛知県,独立行政法人国立病院機構豊橋医療センター,2025,0,0,0,0,0,0,0,0,0,0,0,0,Aichi,0.0,0.0,,no_notices,0.0,0.0,0.0,0.0,0.0,0.0,0.0,0.0,0.0,0.0,0.0,,0.0
愛知県,防衛省東海防衛支局,2022,0,0,0,0,0,0,0,0,0,0,0,0,Aichi,,,,no_notices,,,,,,,,,,,,,
愛知県,防衛省東海防衛支局,2023,1,0,0,0,1,0,0,1,0,0,0,0,Aichi,0.0,1.0,,new_or_returning,0.0,0.0,0.0,1.0,0.0,0.0,1.0,0.0,0.0,0.0,0.0,Operations and maintenance | Network infrastructure,1.0
愛知県,防衛省東海防衛支局,2024,2,0,0,0,1,0,0,2,0,0,0,0,Aichi,1.0,1.0,100.0,continuing,0.0,0.0,0.0,0.0,0.0,0.0,1.0,0.0,0.0,0.0,0.0,Network infrastructure,1.0
愛知県,防衛省東海防衛支局,2025,2,0,0,0,1,0,0,2,0,0,0,0,Aichi,2.0,0.0,0.0,continuing,0.0,0.0,0.0,0.0,0.0,0.0,0.0,0.0,0.0,0.0,0.0,,0.0
東京都,デジタル庁東京都,2022,0,0,0,0,0,0,0,0,0,0,0,0,Tokyo,,,,no_notices,,,,,,,,,,,,,
東京都,デジタル庁東京都,2023,0,0,0,0,0,0,0,0,0,0,0,0,Tokyo,0.0,0.0,,no_notices,0.0,0.0,0.0,0.0,0.0,0.0,0.0,0.0,0.0,0.0,0.0,,0.0
東京都,デジタル庁東京都,2024,1,0,0,0,1,0,0,0,0,0,0,0,Tokyo,0.0,1.0,,new_or_returning,0.0,0.0,0.0,1.0,0.0,0.0,0.0,0.0,0.0,0.0,0.0,Operations and maintenance,1.0
東京都,デジタル庁東京都,2025,0,0,0,0,0,0,0,0,0,0,0,0,Tokyo,1.0,-1.0,-100.0,no_notices,0.0,0.0,0.0,-1.0,0.0,0.0,0.0,0.0,0.0,0.0,0.0,,0.0
東京都,内閣官房,2022,0,0,0,0,0,0,0,0,0,0,0,0,Tokyo,,,,no_notices,,,,,,,,,,,,,
東京都,内閣官房,2023,0,0,0,0,0,0,0,0,0,0,0,0,Tokyo,0.0,0.0,,no_notices,0.0,0.0,0.0,0.0,0.0,0.0,0.0,0.0,0.0,0.0,0.0,,0.0
東京都,内閣官房,2024,1,0,0,0,0,0,0,0,0,0,0,1,Tokyo,0.0,1.0,,new_or_returning,0.0,0.0,0.0,0.0,0.0,0.0,0.0,0.0,0.0,0.0,1.0,IT consulting and planning,1.0
東京都,内閣官房,2025,0,0,0,0,0,0,0,0,0,0,0,0,Tokyo,1.0,-1.0,-100.0,no_notices,0.0,0.0,0.0,0.0,0.0,0.0,0.0,0.0,0.0,0.0,-1.0,,0.0
東京都,厚生労働省国立療養所多摩全生園,2022,0,0,0,0,0,0,0,0,0,0,0,0,Tokyo,,,,no_notices,,,,,,,,,,,,,
東京都,厚生労働省国立療養所多摩全生園,2023,0,0,0,0,0,0,0,0,0,0,0,0,Tokyo,0.0,0.0,,no_notices,0.0,0.0,0.0,0.0,0.0,0.0,0.0,0.0,0.0,0.0,0.0,,0.0
東京都,厚生労働省国立療養所多摩全生園,2024,0,0,0,0,0,0,0,0,0,0,0,0,Tokyo,0.0,0.0,,no_notices,0.0,0.0,0.0,0.0,0.0,0.0,0.0,0.0,0.0,0.0,0.0,,0.0
東京都,厚生労働省国立療養所多摩全生園,2025,2,1,0,0,1,0,0,0,0,0,0,1,Tokyo,0.0,2.0,,new_or_returning,1.0,0.0,0.0,1.0,0.0,0.0,0.0,0.0,0.0,0.0,1.0,System development | Operations and maintenance | IT consulting and planning,1.0
東京都,参議院,2022,0,0,0,0,0,0,0,0,0,0,0,0,Tokyo,,,,no_notices,,,,,,,,,,,,,
東京都,参議院,2023,2,0,1,0,1,0,0,1,0,0,0,0,Tokyo,0.0,2.0,,new_or_returning,0.0,1.0,0.0,1.0,0.0,0.0,1.0,0.0,0.0,0.0,0.0,System services | Operations and maintenance | Network infrastructure,1.0
東京都,参議院,2024,0,0,0,0,0,0,0,0,0,0,0,0,Tokyo,2.0,-2.0,-100.0,no_notices,0.0,-1.0,0.0,-1.0,0.0,0.0,-1.0,0.0,0.0,0.0,0.0,,0.0
東京都,参議院,2025,1,0,0,0,0,0,1,1,0,0,0,0,Tokyo,0.0,1.0,,new_or_returning,0.0,0.0,0.0,0.0,0.0,1.0,1.0,0.0,0.0,0.0,0.0,Cybersecurity | Network infrastructure,1.0
東京都,国土交通省,2022,0,0,0,0,0,0,0,0,0,0,0,0,Tokyo,,,,no_notices,,,,,,,,,,,,,
東京都,国土交通省,2023,1,0,0,0,0,0,0,0,0,1,0,0,Tokyo,0.0,1.0,,new_or_returning,0.0,0.0,0.0,0.0,0.0,0.0,0.0,0.0,1.0,0.0,0.0,Data and digital,1.0
東京都,国土交通省,2024,1,0,0,0,0,0,1,0,0,0,0,0,Tokyo,1.0,0.0,0.0,continuing,0.0,0.0,0.0,0.0,0.0,1.0,0.0,0.0,-1.0,0.0,0.0,Cybersecurity,1.0
東京都,国土交通省,2025,0,0,0,0,0,0,0,0,0,0,0,0,Tokyo,1.0,-1.0,-100.0,no_notices,0.0,0.0,0.0,0.0,0.0,-1.0,0.0,0.0,0.0,0.0,0.0,,0.0
東京都,国家公安委員会（警察庁）,2022,0,0,0,0,0,0,0,0,0,0,0,0,Tokyo,,,,no_notices,,,,,,,,,,,,,
東京都,国家公安委員会（警察庁）,2023,0,0,0,0,0,0,0,0,0,0,0,0,Tokyo,0.0,0.0,,no_notices,0.0,0.0,0.0,0.0,0.0,0.0,0.0,0.0,0.0,0.0,0.0,,0.0
東京都,国家公安委員会（警察庁）,2024,0,0,0,0,0,0,0,0,0,0,0,0,Tokyo,0.0,0.0,,no_notices,0.0,0.0,0.0,0.0,0.0,0.0,0.0,0.0,0.0,0.0,0.0,,0.0
東京都,国家公安委員会（警察庁）,2025,1,0,0,0,0,0,0,0,0,0,1,0,Tokyo,0.0,1.0,,new_or_returning,0.0,0.0,0.0,0.0,0.0,0.0,0.0,0.0,0.0,1.0,0.0,Artificial intelligence,1.0
東京都,国家公安委員会（警察庁）警察大学校,2022,2,0,0,0,0,0,0,2,0,0,0,0,Tokyo,,,,continuing,,,,,,,,,,,,,
東京都,国家公安委員会（警察庁）警察大学校,2023,2,0,0,0,0,0,0,2,0,0,0,0,Tokyo,2.0,0.0,0.0,continuing,0.0,0.0,0.0,0.0,0.0,0.0,0.0,0.0,0.0,0.0,0.0,,0.0
東京都,国家公安委員会（警察庁）警察大学校,2024,2,0,0,0,0,0,0,2,0,0,0,0,Tokyo,2.0,0.0,0.0,continuing,0.0,0.0,0.0,0.0,0.0,0.0,0.0,0.0,0.0,0.0,0.0,,0.0
東京都,国家公安委員会（警察庁）警察大学校,2025,1,0,0,0,0,0,0,1,0,0,0,0,Tokyo,2.0,-1.0,-50.0,continuing,0.0,0.0,0.0,0.0,0.0,0.0,-1.0,0.0,0.0,0.0,0.0,,0.0
東京都,国立大学法人東京工業大学,2022,0,0,0,0,0,0,0,0,0,0,0,0,Tokyo,,,,no_notices,,,,,,,,,,,,,
東京都,国立大学法人東京工業大学,2023,8,3,0,1,3,0,0,3,0,1,0,0,Tokyo,0.0,8.0,,new_or_returning,3.0,0.0,1.0,3.0,0.0,0.0,3.0,0.0,1.0,0.0,0.0,System development | Operations and maintenance | Network infrastructure,3.0
東京都,国立大学法人東京工業大学,2024,11,4,0,0,4,1,0,4,0,0,0,0,Tokyo,8.0,3.0,37.5,continuing,1.0,0.0,-1.0,1.0,1.0,0.0,1.0,0.0,-1.0,0.0,0.0,System development | Operations and maintenance | Cloud | Network infrastructure,1.0
東京都,国立大学法人東京工業大学,2025,11,3,0,1,7,1,0,3,0,0,1,1,Tokyo,11.0,0.0,0.0,continuing,-1.0,0.0,1.0,3.0,0.0,0.0,-1.0,0.0,0.0,1.0,1.0,Operations and maintenance,3.0
東京都,国立研究開発法人医薬基盤・健康・栄養研究所国立健康・栄養研究所,2022,0,0,0,0,0,0,0,0,0,0,0,0,Tokyo,,,,no_notices,,,,,,,,,,,,,
東京都,国立研究開発法人医薬基盤・健康・栄養研究所国立健康・栄養研究所,2023,0,0,0,0,0,0,0,0,0,0,0,0,Tokyo,0.0,0.0,,no_notices,0.0,0.0,0.0,0.0,0.0,0.0,0.0,0.0,0.0,0.0,0.0,,0.0
東京都,国立研究開発法人医薬基盤・健康・栄養研究所国立健康・栄養研究所,2024,3,0,0,2,0,0,0,1,0,0,1,0,Tokyo,0.0,3.0,,new_or_returning,0.0,0.0,2.0,0.0,0.0,0.0,1.0,0.0,0.0,1.0,0.0,Software and applications,2.0
東京都,国立研究開発法人医薬基盤・健康・栄養研究所国立健康・栄養研究所,2025,0,0,0,0,0,0,0,0,0,0,0,0,Tokyo,3.0,-3.0,-100.0,no_notices,0.0,0.0,-2.0,0.0,0.0,0.0,-1.0,0.0,0.0,-1.0,0.0,,0.0
東京都,国立研究開発法人国立がん研究センター,2022,2,2,0,0,0,0,0,0,0,2,0,0,Tokyo,,,,continuing,,,,,,,,,,,,,
東京都,国立研究開発法人国立がん研究センター,2023,0,0,0,0,0,0,0,0,0,0,0,0,Tokyo,2.0,-2.0,-100.0,no_notices,-2.0,0.0,0.0,0.0,0.0,0.0,0.0,0.0,-2.0,0.0,0.0,,0.0
東京都,国立研究開発法人国立がん研究センター,2024,1,0,0,0,0,0,1,0,0,0,0,0,Tokyo,0.0,1.0,,new_or_returning,0.0,0.0,0.0,0.0,0.0,1.0,0.0,0.0,0.0,0.0,0.0,Cybersecurity,1.0
東京都,国立研究開発法人国立がん研究センター,2025,4,2,0,0,0,0,2,0,0,0,0,0,Tokyo,1.0,3.0,300.0,continuing,2.0,0.0,0.0,0.0,0.0,1.0,0.0,0.0,0.0,0.0,0.0,System development,2.0
東京都,国立研究開発法人国立成育医療研究センター,2022,0,0,0,0,0,0,0,0,0,0,0,0,Tokyo,,,,no_notices,,,,,,,,,,,,,
東京都,国立研究開発法人国立成育医療研究センター,2023,0,0,0,0,0,0,0,0,0,0,0,0,Tokyo,0.0,0.0,,no_notices,0.0,0.0,0.0,0.0,0.0,0.0,0.0,0.0,0.0,0.0,0.0,,0.0
東京都,国立研究開発法人国立成育医療研究センター,2024,0,0,0,0,0,0,0,0,0,0,0,0,Tokyo,0.0,0.0,,no_notices,0.0,0.0,0.0,0.0,0.0,0.0,0.0,0.0,0.0,0.0,0.0,,0.0
東京都,国立研究開発法人国立成育医療研究センター,2025,4,0,0,1,2,0,0,0,0,0,1,0,Tokyo,0.0,4.0,,new_or_returning,0.0,0.0,1.0,2.0,0.0,0.0,0.0,0.0,0.0,1.0,0.0,Operations and maintenance,2.0
東京都,国立研究開発法人国立精神・神経医療研究センター,2022,0,0,0,0,0,0,0,0,0,0,0,0,Tokyo,,,,no_notices,,,,,,,,,,,,,
東京都,国立研究開発法人国立精神・神経医療研究センター,2023,0,0,0,0,0,0,0,0,0,0,0,0,Tokyo,0.0,0.0,,no_notices,0.0,0.0,0.0,0.0,0.0,0.0,0.0,0.0,0.0,0.0,0.0,,0.0
東京都,国立研究開発法人国立精神・神経医療研究センター,2024,0,0,0,0,0,0,0,0,0,0,0,0,Tokyo,0.0,0.0,,no_notices,0.0,0.0,0.0,0.0,0.0,0.0,0.0,0.0,0.0,0.0,0.0,,0.0
東京都,国立研究開発法人国立精神・神経医療研究センター,2025,1,0,0,0,1,0,0,0,0,0,0,0,Tokyo,0.0,1.0,,new_or_returning,0.0,0.0,0.0,1.0,0.0,0.0,0.0,0.0,0.0,0.0,0.0,Operations and maintenance,1.0
東京都,国立研究開発法人産業技術総合研究所,2022,0,0,0,0,0,0,0,0,0,0,0,0,Tokyo,,,,no_notices,,,,,,,,,,,,,
東京都,国立研究開発法人産業技術総合研究所,2023,0,0,0,0,0,0,0,0,0,0,0,0,Tokyo,0.0,0.0,,no_notices,0.0,0.0,0.0,0.0,0.0,0.0,0.0,0.0,0.0,0.0,0.0,,0.0
東京都,国立研究開発法人産業技術総合研究所,2024,8,2,1,0,3,3,1,0,0,0,0,1,Tokyo,0.0,8.0,,new_or_returning,2.0,1.0,0.0,3.0,3.0,1.0,0.0,0.0,0.0,0.0,1.0,Operations and maintenance | Cloud,3.0
東京都,国立研究開発法人産業技術総合研究所,2025,45,22,2,2,15,9,2,8,0,2,7,3,Tokyo,8.0,37.0,462.5,continuing,20.0,1.0,2.0,12.0,6.0,1.0,8.0,0.0,2.0,7.0,2.0,System development,20.0
東京都,外務省,2022,0,0,0,0,0,0,0,0,0,0,0,0,Tokyo,,,,no_notices,,,,,,,,,,,,,
東京都,外務省,2023,0,0,0,0,0,0,0,0,0,0,0,0,Tokyo,0.0,0.0,,no_notices,0.0,0.0,0.0,0.0,0.0,0.0,0.0,0.0,0.0,0.0,0.0,,0.0
東京都,外務省,2024,0,0,0,0,0,0,0,0,0,0,0,0,Tokyo,0.0,0.0,,no_notices,0.0,0.0,0.0,0.0,0.0,0.0,0.0,0.0,0.0,0.0,0.0,,0.0
東京都,外務省,2025,1,0,0,0,1,0,0,0,0,0,0,0,Tokyo,0.0,1.0,,new_or_returning,0.0,0.0,0.0,1.0,0.0,0.0,0.0,0.0,0.0,0.0,0.0,Operations and maintenance,1.0
東京都,最高裁判所,2022,0,0,0,0,0,0,0,0,0,0,0,0,Tokyo,,,,no_notices,,,,,,,,,,,,,
東京都,最高裁判所,2023,0,0,0,0,0,0,0,0,0,0,0,0,Tokyo,0.0,0.0,,no_notices,0.0,0.0,0.0,0.0,0.0,0.0,0.0,0.0,0.0,0.0,0.0,,0.0
東京都,最高裁判所,2024,0,0,0,0,0,0,0,0,0,0,0,0,Tokyo,0.0,0.0,,no_notices,0.0,0.0,0.0,0.0,0.0,0.0,0.0,0.0,0.0,0.0,0.0,,0.0
東京都,最高裁判所,2025,1,0,0,0,0,0,0,0,0,1,0,0,Tokyo,0.0,1.0,,new_or_returning,0.0,0.0,0.0,0.0,0.0,0.0,0.0,0.0,1.0,0.0,0.0,Data and digital,1.0
東京都,東京都杉並区,2022,0,0,0,0,0,0,0,0,0,0,0,0,Tokyo,,,,no_notices,,,,,,,,,,,,,
東京都,東京都杉並区,2023,0,0,0,0,0,0,0,0,0,0,0,0,Tokyo,0.0,0.0,,no_notices,0.0,0.0,0.0,0.0,0.0,0.0,0.0,0.0,0.0,0.0,0.0,,0.0
東京都,東京都杉並区,2024,1,1,0,0,0,0,0,0,0,0,0,0,Tokyo,0.0,1.0,,new_or_returning,1.0,0.0,0.0,0.0,0.0,0.0,0.0,0.0,0.0,0.0,0.0,System development,1.0
東京都,東京都杉並区,2025,0,0,0,0,0,0,0,0,0,0,0,0,Tokyo,1.0,-1.0,-100.0,no_notices,-1.0,0.0,0.0,0.0,0.0,0.0,0.0,0.0,0.0,0.0,0.0,,0.0
東京都,東京都東久留米市,2022,1,1,0,0,0,0,0,0,0,1,0,0,Tokyo,,,,continuing,,,,,,,,,,,,,
東京都,東京都東久留米市,2023,0,0,0,0,0,0,0,0,0,0,0,0,Tokyo,1.0,-1.0,-100.0,no_notices,-1.0,0.0,0.0,0.0,0.0,0.0,0.0,0.0,-1.0,0.0,0.0,,0.0
東京都,東京都東久留米市,2024,2,2,0,0,0,0,0,0,0,0,0,0,Tokyo,0.0,2.0,,new_or_returning,2.0,0.0,0.0,0.0,0.0,0.0,0.0,0.0,0.0,0.0,0.0,System development,2.0
東京都,東京都東久留米市,2025,0,0,0,0,0,0,0,0,0,0,0,0,Tokyo,2.0,-2.0,-100.0,no_notices,-2.0,0.0,0.0,0.0,0.0,0.0,0.0,0.0,0.0,0.0,0.0,,0.0
東京都,林野庁,2022,0,0,0,0,0,0,0,0,0,0,0,0,Tokyo,,,,no_notices,,,,,,,,,,,,,
東京都,林野庁,2023,2,0,0,0,2,0,0,0,0,0,0,0,Tokyo,0.0,2.0,,new_or_returning,0.0,0.0,0.0,2.0,0.0,0.0,0.0,0.0,0.0,0.0,0.0,Operations and maintenance,2.0
東京都,林野庁,2024,0,0,0,0,0,0,0,0,0,0,0,0,Tokyo,2.0,-2.0,-100.0,no_notices,0.0,0.0,0.0,-2.0,0.0,0.0,0.0,0.0,0.0,0.0,0.0,,0.0
東京都,林野庁,2025,6,1,1,1,3,2,0,0,0,1,0,0,Tokyo,0.0,6.0,,new_or_returning,1.0,1.0,1.0,3.0,2.0,0.0,0.0,0.0,1.0,0.0,0.0,Operations and maintenance,3.0
東京都,水産庁,2022,3,0,0,1,3,0,0,0,0,0,0,0,Tokyo,,,,continuing,,,,,,,,,,,,,
東京都,水産庁,2023,10,7,0,0,9,1,0,1,0,1,0,0,Tokyo,3.0,7.0,233.33333333333334,continuing,7.0,0.0,-1.0,6.0,1.0,0.0,1.0,0.0,1.0,0.0,0.0,System development,7.0
東京都,水産庁,2024,0,0,0,0,0,0,0,0,0,0,0,0,Tokyo,10.0,-10.0,-100.0,no_notices,-7.0,0.0,0.0,-9.0,-1.0,0.0,-1.0,0.0,-1.0,0.0,0.0,,0.0
東京都,水産庁,2025,0,0,0,0,0,0,0,0,0,0,0,0,Tokyo,0.0,0.0,,no_notices,0.0,0.0,0.0,0.0,0.0,0.0,0.0,0.0,0.0,0.0,0.0,,0.0
東京都,法務省,2022,0,0,0,0,0,0,0,0,0,0,0,0,Tokyo,,,,no_notices,,,,,,,,,,,,,
東京都,法務省,2023,1,1,0,1,0,0,0,0,0,0,0,0,Tokyo,0.0,1.0,,new_or_returning,1.0,0.0,1.0,0.0,0.0,0.0,0.0,0.0,0.0,0.0,0.0,System development | Software and applications,1.0
東京都,法務省,2024,0,0,0,0,0,0,0,0,0,0,0,0,Tokyo,1.0,-1.0,-100.0,no_notices,-1.0,0.0,-1.0,0.0,0.0,0.0,0.0,0.0,0.0,0.0,0.0,,0.0
東京都,法務省,2025,3,0,0,0,0,0,0,3,0,0,0,0,Tokyo,0.0,3.0,,new_or_returning,0.0,0.0,0.0,0.0,0.0,0.0,3.0,0.0,0.0,0.0,0.0,Network infrastructure,3.0
東京都,独立行政法人労働者健康安全機構労働安全衛生総合研究所,2022,0,0,0,0,0,0,0,0,0,0,0,0,Tokyo,,,,no_notices,,,,,,,,,,,,,
東京都,独立行政法人労働者健康安全機構労働安全衛生総合研究所,2023,1,0,0,0,0,0,0,0,0,1,0,0,Tokyo,0.0,1.0,,new_or_returning,0.0,0.0,0.0,0.0,0.0,0.0,0.0,0.0,1.0,0.0,0.0,Data and digital,1.0
東京都,独立行政法人労働者健康安全機構労働安全衛生総合研究所,2024,0,0,0,0,0,0,0,0,0,0,0,0,Tokyo,1.0,-1.0,-100.0,no_notices,0.0,0.0,0.0,0.0,0.0,0.0,0.0,0.0,-1.0,0.0,0.0,,0.0
東京都,独立行政法人労働者健康安全機構労働安全衛生総合研究所,2025,0,0,0,0,0,0,0,0,0,0,0,0,Tokyo,0.0,0.0,,no_notices,0.0,0.0,0.0,0.0,0.0,0.0,0.0,0.0,0.0,0.0,0.0,,0.0
東京都,独立行政法人勤労者退職金共済機構,2022,0,0,0,0,0,0,0,0,0,0,0,0,Tokyo,,,,no_notices,,,,,,,,,,,,,
東京都,独立行政法人勤労者退職金共済機構,2023,0,0,0,0,0,0,0,0,0,0,0,0,Tokyo,0.0,0.0,,no_notices,0.0,0.0,0.0,0.0,0.0,0.0,0.0,0.0,0.0,0.0,0.0,,0.0
東京都,独立行政法人勤労者退職金共済機構,2024,1,1,0,0,1,0,0,0,0,0,0,0,Tokyo,0.0,1.0,,new_or_returning,1.0,0.0,0.0,1.0,0.0,0.0,0.0,0.0,0.0,0.0,0.0,System development | Operations and maintenance,1.0
東京都,独立行政法人勤労者退職金共済機構,2025,0,0,0,0,0,0,0,0,0,0,0,0,Tokyo,1.0,-1.0,-100.0,no_notices,-1.0,0.0,0.0,-1.0,0.0,0.0,0.0,0.0,0.0,0.0,0.0,,0.0
東京都,独立行政法人国立病院機構,2022,1,0,0,0,0,0,0,1,0,0,0,0,Tokyo,,,,continuing,,,,,,,,,,,,,
東京都,独立行政法人国立病院機構,2023,0,0,0,0,0,0,0,0,0,0,0,0,Tokyo,1.0,-1.0,-100.0,no_notices,0.0,0.0,0.0,0.0,0.0,0.0,-1.0,0.0,0.0,0.0,0.0,,0.0
東京都,独立行政法人国立病院機構,2024,3,0,0,0,2,1,0,0,0,0,0,2,Tokyo,0.0,3.0,,new_or_returning,0.0,0.0,0.0,2.0,1.0,0.0,0.0,0.0,0.0,0.0,2.0,Operations and maintenance | IT consulting and planning,2.0
東京都,独立行政法人国立病院機構,2025,2,1,0,0,1,0,0,0,0,0,0,2,Tokyo,3.0,-1.0,-33.333333333333336,continuing,1.0,0.0,0.0,-1.0,-1.0,0.0,0.0,0.0,0.0,0.0,0.0,System development,1.0
東京都,独立行政法人国立病院機構村山医療センター,2022,1,1,0,0,0,0,0,1,0,0,0,1,Tokyo,,,,continuing,,,,,,,,,,,,,
東京都,独立行政法人国立病院機構村山医療センター,2023,1,0,0,0,1,0,0,0,0,0,0,0,Tokyo,1.0,0.0,0.0,continuing,-1.0,0.0,0.0,1.0,0.0,0.0,-1.0,0.0,0.0,0.0,-1.0,Operations and maintenance,1.0
東京都,独立行政法人国立病院機構村山医療センター,2024,2,0,0,0,2,0,0,1,0,0,0,0,Tokyo,1.0,1.0,100.0,continuing,0.0,0.0,0.0,1.0,0.0,0.0,1.0,0.0,0.0,0.0,0.0,Operations and maintenance | Network infrastructure,1.0
東京都,独立行政法人国立病院機構村山医療センター,2025,0,0,0,0,0,0,0,0,0,0,0,0,Tokyo,2.0,-2.0,-100.0,no_notices,0.0,0.0,0.0,-2.0,0.0,0.0,-1.0,0.0,0.0,0.0,0.0,,0.0
東京都,独立行政法人国立病院機構東京医療センター,2022,0,0,0,0,0,0,0,0,0,0,0,0,Tokyo,,,,no_notices,,,,,,,,,,,,,
東京都,独立行政法人国立病院機構東京医療センター,2023,2,0,0,0,2,0,0,0,0,0,0,0,Tokyo,0.0,2.0,,new_or_returning,0.0,0.0,0.0,2.0,0.0,0.0,0.0,0.0,0.0,0.0,0.0,Operations and maintenance,2.0
東京都,独立行政法人国立病院機構東京医療センター,2024,3,0,0,0,3,0,0,0,0,0,0,0,Tokyo,2.0,1.0,50.0,continuing,0.0,0.0,0.0,1.0,0.0,0.0,0.0,0.0,0.0,0.0,0.0,Operations and maintenance,1.0
東京都,独立行政法人国立病院機構東京医療センター,2025,3,0,0,0,3,0,0,0,0,0,0,0,Tokyo,3.0,0.0,0.0,continuing,0.0,0.0,0.0,0.0,0.0,0.0,0.0,0.0,0.0,0.0,0.0,,0.0
東京都,独立行政法人国立病院機構東京病院,2022,0,0,0,0,0,0,0,0,0,0,0,0,Tokyo,,,,no_notices,,,,,,,,,,,,,
東京都,独立行政法人国立病院機構東京病院,2023,0,0,0,0,0,0,0,0,0,0,0,0,Tokyo,0.0,0.0,,no_notices,0.0,0.0,0.0,0.0,0.0,0.0,0.0,0.0,0.0,0.0,0.0,,0.0
東京都,独立行政法人国立病院機構東京病院,2024,0,0,0,0,0,0,0,0,0,0,0,0,Tokyo,0.0,0.0,,no_notices,0.0,0.0,0.0,0.0,0.0,0.0,0.0,0.0,0.0,0.0,0.0,,0.0
東京都,独立行政法人国立病院機構東京病院,2025,1,1,0,0,0,0,0,0,0,0,0,1,Tokyo,0.0,1.0,,new_or_returning,1.0,0.0,0.0,0.0,0.0,0.0,0.0,0.0,0.0,0.0,1.0,System development | IT consulting and planning,1.0
東京都,独立行政法人国立病院機構災害医療センター,2022,0,0,0,0,0,0,0,0,0,0,0,0,Tokyo,,,,no_notices,,,,,,,,,,,,,
東京都,独立行政法人国立病院機構災害医療センター,2023,0,0,0,0,0,0,0,0,0,0,0,0,Tokyo,0.0,0.0,,no_notices,0.0,0.0,0.0,0.0,0.0,0.0,0.0,0.0,0.0,0.0,0.0,,0.0
東京都,独立行政法人国立病院機構災害医療センター,2024,1,0,0,0,1,0,0,0,0,0,0,0,Tokyo,0.0,1.0,,new_or_returning,0.0,0.0,0.0,1.0,0.0,0.0,0.0,0.0,0.0,0.0,0.0,Operations and maintenance,1.0
東京都,独立行政法人国立病院機構災害医療センター,2025,0,0,0,0,0,0,0,0,0,0,0,0,Tokyo,1.0,-1.0,-100.0,no_notices,0.0,0.0,0.0,-1.0,0.0,0.0,0.0,0.0,0.0,0.0,0.0,,0.0
東京都,独立行政法人国立病院機構関東信越グループ,2022,0,0,0,0,0,0,0,0,0,0,0,0,Tokyo,,,,no_notices,,,,,,,,,,,,,
東京都,独立行政法人国立病院機構関東信越グループ,2023,0,0,0,0,0,0,0,0,0,0,0,0,Tokyo,0.0,0.0,,no_notices,0.0,0.0,0.0,0.0,0.0,0.0,0.0,0.0,0.0,0.0,0.0,,0.0
東京都,独立行政法人国立病院機構関東信越グループ,2024,1,0,0,1,0,0,0,0,0,0,0,0,Tokyo,0.0,1.0,,new_or_returning,0.0,0.0,1.0,0.0,0.0,0.0,0.0,0.0,0.0,0.0,0.0,Software and applications,1.0
東京都,独立行政法人国立病院機構関東信越グループ,2025,0,0,0,0,0,0,0,0,0,0,0,0,Tokyo,1.0,-1.0,-100.0,no_notices,0.0,0.0,-1.0,0.0,0.0,0.0,0.0,0.0,0.0,0.0,0.0,,0.0
東京都,独立行政法人国立美術館国立新美術館,2022,0,0,0,0,0,0,0,0,0,0,0,0,Tokyo,,,,no_notices,,,,,,,,,,,,,
東京都,独立行政法人国立美術館国立新美術館,2023,1,0,0,1,1,0,0,1,0,0,0,0,Tokyo,0.0,1.0,,new_or_returning,0.0,0.0,1.0,1.0,0.0,0.0,1.0,0.0,0.0,0.0,0.0,Software and applications | Operations and maintenance | Network infrastructure,1.0
東京都,独立行政法人国立美術館国立新美術館,2024,0,0,0,0,0,0,0,0,0,0,0,0,Tokyo,1.0,-1.0,-100.0,no_notices,0.0,0.0,-1.0,-1.0,0.0,0.0,-1.0,0.0,0.0,0.0,0.0,,0.0
東京都,独立行政法人国立美術館国立新美術館,2025,0,0,0,0,0,0,0,0,0,0,0,0,Tokyo,0.0,0.0,,no_notices,0.0,0.0,0.0,0.0,0.0,0.0,0.0,0.0,0.0,0.0,0.0,,0.0
東京都,独立行政法人国際交流基金,2022,1,1,0,0,0,0,0,0,0,0,0,0,Tokyo,,,,continuing,,,,,,,,,,,,,
東京都,独立行政法人国際交流基金,2023,0,0,0,0,0,0,0,0,0,0,0,0,Tokyo,1.0,-1.0,-100.0,no_notices,-1.0,0.0,0.0,0.0,0.0,0.0,0.0,0.0,0.0,0.0,0.0,,0.0
東京都,独立行政法人国際交流基金,2024,0,0,0,0,0,0,0,0,0,0,0,0,Tokyo,0.0,0.0,,no_notices,0.0,0.0,0.0,0.0,0.0,0.0,0.0,0.0,0.0,0.0,0.0,,0.0
東京都,独立行政法人国際交流基金,2025,2,1,0,0,1,0,0,1,0,0,0,0,Tokyo,0.0,2.0,,new_or_returning,1.0,0.0,0.0,1.0,0.0,0.0,1.0,0.0,0.0,0.0,0.0,System development | Operations and maintenance | Network infrastructure,1.0
東京都,独立行政法人国際協力機構,2022,0,0,0,0,0,0,0,0,0,0,0,0,Tokyo,,,,no_notices,,,,,,,,,,,,,
東京都,独立行政法人国際協力機構,2023,0,0,0,0,0,0,0,0,0,0,0,0,Tokyo,0.0,0.0,,no_notices,0.0,0.0,0.0,0.0,0.0,0.0,0.0,0.0,0.0,0.0,0.0,,0.0
東京都,独立行政法人国際協力機構,2024,0,0,0,0,0,0,0,0,0,0,0,0,Tokyo,0.0,0.0,,no_notices,0.0,0.0,0.0,0.0,0.0,0.0,0.0,0.0,0.0,0.0,0.0,,0.0
東京都,独立行政法人国際協力機構,2025,3,3,0,0,3,0,0,0,0,0,0,0,Tokyo,0.0,3.0,,new_or_returning,3.0,0.0,0.0,3.0,0.0,0.0,0.0,0.0,0.0,0.0,0.0,System development | Operations and maintenance,3.0
東京都,独立行政法人情報処理推進機構,2022,0,0,0,0,0,0,0,0,0,0,0,0,Tokyo,,,,no_notices,,,,,,,,,,,,,
東京都,独立行政法人情報処理推進機構,2023,0,0,0,0,0,0,0,0,0,0,0,0,Tokyo,0.0,0.0,,no_notices,0.0,0.0,0.0,0.0,0.0,0.0,0.0,0.0,0.0,0.0,0.0,,0.0
東京都,独立行政法人情報処理推進機構,2024,0,0,0,0,0,0,0,0,0,0,0,0,Tokyo,0.0,0.0,,no_notices,0.0,0.0,0.0,0.0,0.0,0.0,0.0,0.0,0.0,0.0,0.0,,0.0
東京都,独立行政法人情報処理推進機構,2025,1,1,0,0,0,0,0,0,0,0,0,0,Tokyo,0.0,1.0,,new_or_returning,1.0,0.0,0.0,0.0,0.0,0.0,0.0,0.0,0.0,0.0,0.0,System development,1.0
東京都,独立行政法人日本スポーツ振興センター,2022,3,0,0,0,3,0,0,0,0,0,0,0,Tokyo,,,,continuing,,,,,,,,,,,,,
東京都,独立行政法人日本スポーツ振興センター,2023,1,0,1,0,1,0,0,0,0,0,0,0,Tokyo,3.0,-2.0,-66.66666666666667,continuing,0.0,1.0,0.0,-2.0,0.0,0.0,0.0,0.0,0.0,0.0,0.0,System services,1.0
東京都,独立行政法人日本スポーツ振興センター,2024,2,0,0,0,1,1,0,0,0,0,0,0,Tokyo,1.0,1.0,100.0,continuing,0.0,-1.0,0.0,0.0,1.0,0.0,0.0,0.0,0.0,0.0,0.0,Cloud,1.0
東京都,独立行政法人日本スポーツ振興センター,2025,1,0,0,0,1,0,0,0,0,0,0,0,Tokyo,2.0,-1.0,-50.0,continuing,0.0,0.0,0.0,0.0,-1.0,0.0,0.0,0.0,0.0,0.0,0.0,,0.0
東京都,独立行政法人日本学生支援機構,2022,0,0,0,0,0,0,0,0,0,0,0,0,Tokyo,,,,no_notices,,,,,,,,,,,,,
東京都,独立行政法人日本学生支援機構,2023,4,2,0,2,4,0,0,0,0,0,0,0,Tokyo,0.0,4.0,,new_or_returning,2.0,0.0,2.0,4.0,0.0,0.0,0.0,0.0,0.0,0.0,0.0,Operations and maintenance,4.0
東京都,独立行政法人日本学生支援機構,2024,0,0,0,0,0,0,0,0,0,0,0,0,Tokyo,4.0,-4.0,-100.0,no_notices,-2.0,0.0,-2.0,-4.0,0.0,0.0,0.0,0.0,0.0,0.0,0.0,,0.0
東京都,独立行政法人日本学生支援機構,2025,1,1,0,0,1,0,0,0,0,0,0,0,Tokyo,0.0,1.0,,new_or_returning,1.0,0.0,0.0,1.0,0.0,0.0,0.0,0.0,0.0,0.0,0.0,System development | Operations and maintenance,1.0
東京都,独立行政法人日本学術振興会,2022,0,0,0,0,0,0,0,0,0,0,0,0,Tokyo,,,,no_notices,,,,,,,,,,,,,
東京都,独立行政法人日本学術振興会,2023,0,0,0,0,0,0,0,0,0,0,0,0,Tokyo,0.0,0.0,,no_notices,0.0,0.0,0.0,0.0,0.0,0.0,0.0,0.0,0.0,0.0,0.0,,0.0
東京都,独立行政法人日本学術振興会,2024,0,0,0,0,0,0,0,0,0,0,0,0,Tokyo,0.0,0.0,,no_notices,0.0,0.0,0.0,0.0,0.0,0.0,0.0,0.0,0.0,0.0,0.0,,0.0
東京都,独立行政法人日本学術振興会,2025,6,3,0,0,3,1,1,0,0,0,0,0,Tokyo,0.0,6.0,,new_or_returning,3.0,0.0,0.0,3.0,1.0,1.0,0.0,0.0,0.0,0.0,0.0,System development | Operations and maintenance,3.0
東京都,独立行政法人石油天然ガス・ 金属鉱物資源機構,2022,0,0,0,0,0,0,0,0,0,0,0,0,Tokyo,,,,no_notices,,,,,,,,,,,,,
東京都,独立行政法人石油天然ガス・ 金属鉱物資源機構,2023,0,0,0,0,0,0,0,0,0,0,0,0,Tokyo,0.0,0.0,,no_notices,0.0,0.0,0.0,0.0,0.0,0.0,0.0,0.0,0.0,0.0,0.0,,0.0
東京都,独立行政法人石油天然ガス・ 金属鉱物資源機構,2024,0,0,0,0,0,0,0,0,0,0,0,0,Tokyo,0.0,0.0,,no_notices,0.0,0.0,0.0,0.0,0.0,0.0,0.0,0.0,0.0,0.0,0.0,,0.0
東京都,独立行政法人石油天然ガス・ 金属鉱物資源機構,2025,1,1,0,0,0,0,0,0,0,0,0,0,Tokyo,0.0,1.0,,new_or_returning,1.0,0.0,0.0,0.0,0.0,0.0,0.0,0.0,0.0,0.0,0.0,System development,1.0
東京都,独立行政法人自動車技術総合機構,2022,0,0,0,0,0,0,0,0,0,0,0,0,Tokyo,,,,no_notices,,,,,,,,,,,,,
東京都,独立行政法人自動車技術総合機構,2023,0,0,0,0,0,0,0,0,0,0,0,0,Tokyo,0.0,0.0,,no_notices,0.0,0.0,0.0,0.0,0.0,0.0,0.0,0.0,0.0,0.0,0.0,,0.0
東京都,独立行政法人自動車技術総合機構,2024,0,0,0,0,0,0,0,0,0,0,0,0,Tokyo,0.0,0.0,,no_notices,0.0,0.0,0.0,0.0,0.0,0.0,0.0,0.0,0.0,0.0,0.0,,0.0
東京都,独立行政法人自動車技術総合機構,2025,4,4,0,0,0,0,0,0,0,0,0,0,Tokyo,0.0,4.0,,new_or_returning,4.0,0.0,0.0,0.0,0.0,0.0,0.0,0.0,0.0,0.0,0.0,System development,4.0
東京都,独立行政法人高齢・障害・求職者雇用支援機構職業能力開発総合大学校,2022,0,0,0,0,0,0,0,0,0,0,0,0,Tokyo,,,,no_notices,,,,,,,,,,,,,
東京都,独立行政法人高齢・障害・求職者雇用支援機構職業能力開発総合大学校,2023,0,0,0,0,0,0,0,0,0,0,0,0,Tokyo,0.0,0.0,,no_notices,0.0,0.0,0.0,0.0,0.0,0.0,0.0,0.0,0.0,0.0,0.0,,0.0
東京都,独立行政法人高齢・障害・求職者雇用支援機構職業能力開発総合大学校,2024,1,0,0,0,0,0,0,0,0,1,0,0,Tokyo,0.0,1.0,,new_or_returning,0.0,0.0,0.0,0.0,0.0,0.0,0.0,0.0,1.0,0.0,0.0,Data and digital,1.0
東京都,独立行政法人高齢・障害・求職者雇用支援機構職業能力開発総合大学校,2025,0,0,0,0,0,0,0,0,0,0,0,0,Tokyo,1.0,-1.0,-100.0,no_notices,0.0,0.0,0.0,0.0,0.0,0.0,0.0,0.0,-1.0,0.0,0.0,,0.0
東京都,環境省,2022,0,0,0,0,0,0,0,0,0,0,0,0,Tokyo,,,,no_notices,,,,,,,,,,,,,
東京都,環境省,2023,0,0,0,0,0,0,0,0,0,0,0,0,Tokyo,0.0,0.0,,no_notices,0.0,0.0,0.0,0.0,0.0,0.0,0.0,0.0,0.0,0.0,0.0,,0.0
東京都,環境省,2024,7,3,0,0,5,0,0,1,0,0,0,0,Tokyo,0.0,7.0,,new_or_returning,3.0,0.0,0.0,5.0,0.0,0.0,1.0,0.0,0.0,0.0,0.0,Operations and maintenance,5.0
東京都,環境省,2025,6,3,0,1,1,0,0,0,0,0,1,1,Tokyo,7.0,-1.0,-14.28571428571429,continuing,0.0,0.0,1.0,-4.0,0.0,0.0,-1.0,0.0,0.0,1.0,1.0,Software and applications | Artificial intelligence | IT consulting and planning,1.0
東京都,経済産業省,2022,0,0,0,0,0,0,0,0,0,0,0,0,Tokyo,,,,no_notices,,,,,,,,,,,,,
東京都,経済産業省,2023,2,0,0,0,0,0,2,0,0,0,0,0,Tokyo,0.0,2.0,,new_or_returning,0.0,0.0,0.0,0.0,0.0,2.0,0.0,0.0,0.0,0.0,0.0,Cybersecurity,2.0
東京都,経済産業省,2024,2,1,0,0,1,1,0,0,0,0,0,0,Tokyo,2.0,0.0,0.0,continuing,1.0,0.0,0.0,1.0,1.0,-2.0,0.0,0.0,0.0,0.0,0.0,System development | Operations and maintenance | Cloud,1.0
東京都,経済産業省,2025,3,1,0,0,1,0,1,0,0,0,0,0,Tokyo,2.0,1.0,50.0,continuing,0.0,0.0,0.0,0.0,-1.0,1.0,0.0,0.0,0.0,0.0,0.0,Cybersecurity,1.0
東京都,財務省,2022,0,0,0,0,0,0,0,0,0,0,0,0,Tokyo,,,,no_notices,,,,,,,,,,,,,
東京都,財務省,2023,1,1,0,0,0,0,0,0,0,0,0,0,Tokyo,0.0,1.0,,new_or_returning,1.0,0.0,0.0,0.0,0.0,0.0,0.0,0.0,0.0,0.0,0.0,System development,1.0
東京都,財務省,2024,2,2,0,0,1,0,0,0,0,0,0,0,Tokyo,1.0,1.0,100.0,continuing,1.0,0.0,0.0,1.0,0.0,0.0,0.0,0.0,0.0,0.0,0.0,System development | Operations and maintenance,1.0
東京都,財務省,2025,2,0,0,0,1,0,0,0,0,1,0,0,Tokyo,2.0,0.0,0.0,continuing,-2.0,0.0,0.0,0.0,0.0,0.0,0.0,0.0,1.0,0.0,0.0,Data and digital,1.0
東京都,防衛省,2022,0,0,0,0,0,0,0,0,0,0,0,0,Tokyo,,,,no_notices,,,,,,,,,,,,,
東京都,防衛省,2023,6,1,0,0,1,1,0,1,0,1,2,1,Tokyo,0.0,6.0,,new_or_returning,1.0,0.0,0.0,1.0,1.0,0.0,1.0,0.0,1.0,2.0,1.0,Artificial intelligence,2.0
東京都,防衛省,2024,7,0,0,0,2,1,0,3,0,0,1,0,Tokyo,6.0,1.0,16.666666666666675,continuing,-1.0,0.0,0.0,1.0,0.0,0.0,2.0,0.0,-1.0,-1.0,-1.0,Network infrastructure,2.0
東京都,防衛省,2025,21,1,0,3,4,3,4,6,0,0,3,0,Tokyo,7.0,14.0,200.0,continuing,1.0,0.0,3.0,2.0,2.0,4.0,3.0,0.0,0.0,2.0,0.0,Cybersecurity,4.0
東京都,防衛省情報本部,2022,0,0,0,0,0,0,0,0,0,0,0,0,Tokyo,,,,no_notices,,,,,,,,,,,,,
東京都,防衛省情報本部,2023,0,0,0,0,0,0,0,0,0,0,0,0,Tokyo,0.0,0.0,,no_notices,0.0,0.0,0.0,0.0,0.0,0.0,0.0,0.0,0.0,0.0,0.0,,0.0
東京都,防衛省情報本部,2024,2,0,0,0,0,0,0,1,0,1,0,0,Tokyo,0.0,2.0,,new_or_returning,0.0,0.0,0.0,0.0,0.0,0.0,1.0,0.0,1.0,0.0,0.0,Network infrastructure | Data and digital,1.0
東京都,防衛省情報本部,2025,2,0,0,2,0,0,0,0,0,0,2,0,Tokyo,2.0,0.0,0.0,continuing,0.0,0.0,2.0,0.0,0.0,0.0,-1.0,0.0,-1.0,2.0,0.0,Software and applications | Artificial intelligence,2.0
東京都,防衛省統合幕僚監部,2022,1,0,0,0,1,0,0,0,0,0,0,0,Tokyo,,,,continuing,,,,,,,,,,,,,
東京都,防衛省統合幕僚監部,2023,0,0,0,0,0,0,0,0,0,0,0,0,Tokyo,1.0,-1.0,-100.0,no_notices,0.0,0.0,0.0,-1.0,0.0,0.0,0.0,0.0,0.0,0.0,0.0,,0.0
東京都,防衛省統合幕僚監部,2024,0,0,0,0,0,0,0,0,0,0,0,0,Tokyo,0.0,0.0,,no_notices,0.0,0.0,0.0,0.0,0.0,0.0,0.0,0.0,0.0,0.0,0.0,,0.0
東京都,防衛省統合幕僚監部,2025,1,0,0,1,0,0,0,1,0,0,0,0,Tokyo,0.0,1.0,,new_or_returning,0.0,0.0,1.0,0.0,0.0,0.0,1.0,0.0,0.0,0.0,0.0,Software and applications | Network infrastructure,1.0
東京都,防衛省自衛隊,2022,10,2,0,1,3,1,2,0,0,0,0,3,Tokyo,,,,continuing,,,,,,,,,,,,,
東京都,防衛省自衛隊,2023,40,6,0,2,16,3,1,9,2,3,0,3,Tokyo,10.0,30.0,300.0,continuing,4.0,0.0,1.0,13.0,2.0,-1.0,9.0,2.0,3.0,0.0,0.0,Operations and maintenance,13.0
東京都,防衛省自衛隊,2024,19,0,0,1,2,2,2,2,1,0,8,1,Tokyo,40.0,-21.0,-52.5,continuing,-6.0,0.0,-1.0,-14.0,-1.0,1.0,-7.0,-1.0,-3.0,8.0,-2.0,Artificial intelligence,8.0
東京都,防衛省自衛隊,2025,8,1,0,1,0,1,0,2,1,0,0,2,Tokyo,19.0,-11.0,-57.89473684210527,continuing,1.0,0.0,0.0,-2.0,-1.0,-2.0,0.0,0.0,0.0,-8.0,1.0,System development | IT consulting and planning,1.0
東京都,防衛省自衛隊中央病院,2022,0,0,0,0,0,0,0,0,0,0,0,0,Tokyo,,,,no_notices,,,,,,,,,,,,,
東京都,防衛省自衛隊中央病院,2023,1,0,0,1,0,0,0,0,0,0,0,0,Tokyo,0.0,1.0,,new_or_returning,0.0,0.0,1.0,0.0,0.0,0.0,0.0,0.0,0.0,0.0,0.0,Software and applications,1.0
東京都,防衛省自衛隊中央病院,2024,1,0,0,1,0,0,0,0,0,0,0,0,Tokyo,1.0,0.0,0.0,continuing,0.0,0.0,0.0,0.0,0.0,0.0,0.0,0.0,0.0,0.0,0.0,,0.0
東京都,防衛省自衛隊中央病院,2025,0,0,0,0,0,0,0,0,0,0,0,0,Tokyo,1.0,-1.0,-100.0,no_notices,0.0,0.0,-1.0,0.0,0.0,0.0,0.0,0.0,0.0,0.0,0.0,,0.0
東京都,防衛省航空自衛隊府中基地,2022,0,0,0,0,0,0,0,0,0,0,0,0,Tokyo,,,,no_notices,,,,,,,,,,,,,
東京都,防衛省航空自衛隊府中基地,2023,0,0,0,0,0,0,0,0,0,0,0,0,Tokyo,0.0,0.0,,no_notices,0.0,0.0,0.0,0.0,0.0,0.0,0.0,0.0,0.0,0.0,0.0,,0.0
東京都,防衛省航空自衛隊府中基地,2024,0,0,0,0,0,0,0,0,0,0,0,0,Tokyo,0.0,0.0,,no_notices,0.0,0.0,0.0,0.0,0.0,0.0,0.0,0.0,0.0,0.0,0.0,,0.0
東京都,防衛省航空自衛隊府中基地,2025,1,0,0,0,0,0,0,0,0,1,0,0,Tokyo,0.0,1.0,,new_or_returning,0.0,0.0,0.0,0.0,0.0,0.0,0.0,0.0,1.0,0.0,0.0,Data and digital,1.0
東京都,防衛省防衛監察本部,2022,0,0,0,0,0,0,0,0,0,0,0,0,Tokyo,,,,no_notices,,,,,,,,,,,,,
東京都,防衛省防衛監察本部,2023,0,0,0,0,0,0,0,0,0,0,0,0,Tokyo,0.0,0.0,,no_notices,0.0,0.0,0.0,0.0,0.0,0.0,0.0,0.0,0.0,0.0,0.0,,0.0
東京都,防衛省防衛監察本部,2024,1,0,0,0,1,0,0,0,0,0,0,0,Tokyo,0.0,1.0,,new_or_returning,0.0,0.0,0.0,1.0,0.0,0.0,0.0,0.0,0.0,0.0,0.0,Operations and maintenance,1.0
東京都,防衛省防衛監察本部,2025,0,0,0,0,0,0,0,0,0,0,0,0,Tokyo,1.0,-1.0,-100.0,no_notices,0.0,0.0,0.0,-1.0,0.0,0.0,0.0,0.0,0.0,0.0,0.0,,0.0
東京都,防衛省防衛研究所,2022,4,0,0,0,2,0,0,0,0,2,0,0,Tokyo,,,,continuing,,,,,,,,,,,,,
東京都,防衛省防衛研究所,2023,1,0,0,0,1,0,0,0,0,0,0,0,Tokyo,4.0,-3.0,-75.0,continuing,0.0,0.0,0.0,-1.0,0.0,0.0,0.0,0.0,-2.0,0.0,0.0,,0.0
東京都,防衛省防衛研究所,2024,0,0,0,0,0,0,0,0,0,0,0,0,Tokyo,1.0,-1.0,-100.0,no_notices,0.0,0.0,0.0,-1.0,0.0,0.0,0.0,0.0,0.0,0.0,0.0,,0.0
東京都,防衛省防衛研究所,2025,0,0,0,0,0,0,0,0,0,0,0,0,Tokyo,0.0,0.0,,no_notices,0.0,0.0,0.0,0.0,0.0,0.0,0.0,0.0,0.0,0.0,0.0,,0.0
東京都,防衛省陸上自衛隊中央会計隊,2022,0,0,0,0,0,0,0,0,0,0,0,0,Tokyo,,,,no_notices,,,,,,,,,,,,,
東京都,防衛省陸上自衛隊中央会計隊,2023,0,0,0,0,0,0,0,0,0,0,0,0,Tokyo,0.0,0.0,,no_notices,0.0,0.0,0.0,0.0,0.0,0.0,0.0,0.0,0.0,0.0,0.0,,0.0
東京都,防衛省陸上自衛隊中央会計隊,2024,2,0,0,0,1,1,0,0,0,0,0,0,Tokyo,0.0,2.0,,new_or_returning,0.0,0.0,0.0,1.0,1.0,0.0,0.0,0.0,0.0,0.0,0.0,Operations and maintenance | Cloud,1.0
東京都,防衛省陸上自衛隊中央会計隊,2025,4,0,0,1,2,0,0,1,0,0,1,0,Tokyo,2.0,2.0,100.0,continuing,0.0,0.0,1.0,1.0,-1.0,0.0,1.0,0.0,0.0,1.0,0.0,Software and applications | Operations and maintenance | Network infrastructure | Artificial intelligence,1.0
東京都,防衛省陸上自衛隊東部方面会計隊,2022,10,4,0,0,1,0,0,1,0,4,0,0,Tokyo,,,,continuing,,,,,,,,,,,,,
東京都,防衛省陸上自衛隊東部方面会計隊,2023,6,3,0,0,1,0,0,0,0,2,0,0,Tokyo,10.0,-4.0,-40.0,continuing,-1.0,0.0,0.0,0.0,0.0,0.0,-1.0,0.0,-2.0,0.0,0.0,,0.0
東京都,防衛省陸上自衛隊東部方面会計隊,2024,10,0,0,3,0,0,0,5,0,0,2,0,Tokyo,6.0,4.0,66.66666666666667,continuing,-3.0,0.0,3.0,-1.0,0.0,0.0,5.0,0.0,-2.0,2.0,0.0,Network infrastructure,5.0
東京都,防衛省陸上自衛隊東部方面会計隊,2025,6,0,0,1,0,0,0,4,0,1,0,0,Tokyo,10.0,-4.0,-40.0,continuing,0.0,0.0,-2.0,0.0,0.0,0.0,-1.0,0.0,1.0,-2.0,0.0,Data and digital,1.0
東京都,防衛装備庁,2022,0,0,0,0,0,0,0,0,0,0,0,0,Tokyo,,,,no_notices,,,,,,,,,,,,,
東京都,防衛装備庁,2023,0,0,0,0,0,0,0,0,0,0,0,0,Tokyo,0.0,0.0,,no_notices,0.0,0.0,0.0,0.0,0.0,0.0,0.0,0.0,0.0,0.0,0.0,,0.0
東京都,防衛装備庁,2024,4,0,0,4,0,0,0,0,0,0,0,0,Tokyo,0.0,4.0,,new_or_returning,0.0,0.0,4.0,0.0,0.0,0.0,0.0,0.0,0.0,0.0,0.0,Software and applications,4.0
東京都,防衛装備庁,2025,0,0,0,0,0,0,0,0,0,0,0,0,Tokyo,4.0,-4.0,-100.0,no_notices,0.0,0.0,-4.0,0.0,0.0,0.0,0.0,0.0,0.0,0.0,0.0,,0.0
神奈川県,国立研究開発法人新エネルギー・産業技術総合開発機構,2022,0,0,0,0,0,0,0,0,0,0,0,0,Kanagawa,,,,no_notices,,,,,,,,,,,,,
神奈川県,国立研究開発法人新エネルギー・産業技術総合開発機構,2023,0,0,0,0,0,0,0,0,0,0,0,0,Kanagawa,0.0,0.0,,no_notices,0.0,0.0,0.0,0.0,0.0,0.0,0.0,0.0,0.0,0.0,0.0,,0.0
神奈川県,国立研究開発法人新エネルギー・産業技術総合開発機構,2024,1,0,0,0,0,1,0,0,0,0,0,0,Kanagawa,0.0,1.0,,new_or_returning,0.0,0.0,0.0,0.0,1.0,0.0,0.0,0.0,0.0,0.0,0.0,Cloud,1.0
神奈川県,国立研究開発法人新エネルギー・産業技術総合開発機構,2025,6,3,0,1,2,2,0,0,0,0,0,0,Kanagawa,1.0,5.0,500.0,continuing,3.0,0.0,1.0,2.0,1.0,0.0,0.0,0.0,0.0,0.0,0.0,System development,3.0
神奈川県,海上保安庁第三管区海上保安本部,2022,0,0,0,0,0,0,0,0,0,0,0,0,Kanagawa,,,,no_notices,,,,,,,,,,,,,
神奈川県,海上保安庁第三管区海上保安本部,2023,2,0,0,0,1,0,0,1,0,0,0,0,Kanagawa,0.0,2.0,,new_or_returning,0.0,0.0,0.0,1.0,0.0,0.0,1.0,0.0,0.0,0.0,0.0,Operations and maintenance | Network infrastructure,1.0
神奈川県,海上保安庁第三管区海上保安本部,2024,1,0,0,0,1,0,0,0,0,0,0,0,Kanagawa,2.0,-1.0,-50.0,continuing,0.0,0.0,0.0,0.0,0.0,0.0,-1.0,0.0,0.0,0.0,0.0,,0.0
神奈川県,海上保安庁第三管区海上保安本部,2025,1,0,0,0,1,0,0,0,0,0,0,0,Kanagawa,1.0,0.0,0.0,continuing,0.0,0.0,0.0,0.0,0.0,0.0,0.0,0.0,0.0,0.0,0.0,,0.0
神奈川県,独立行政法人労働者健康安全機構,2022,4,1,0,0,2,0,1,1,0,0,0,0,Kanagawa,,,,continuing,,,,,,,,,,,,,
神奈川県,独立行政法人労働者健康安全機構,2023,2,0,0,0,1,0,1,0,0,0,0,0,Kanagawa,4.0,-2.0,-50.0,continuing,-1.0,0.0,0.0,-1.0,0.0,0.0,-1.0,0.0,0.0,0.0,0.0,,0.0
神奈川県,独立行政法人労働者健康安全機構,2024,4,1,0,0,2,0,1,1,0,0,0,0,Kanagawa,2.0,2.0,100.0,continuing,1.0,0.0,0.0,1.0,0.0,0.0,1.0,0.0,0.0,0.0,0.0,System development | Operations and maintenance | Network infrastructure,1.0
神奈川県,独立行政法人労働者健康安全機構,2025,3,1,0,0,1,0,1,1,0,0,0,0,Kanagawa,4.0,-1.0,-25.0,continuing,0.0,0.0,0.0,-1.0,0.0,0.0,0.0,0.0,0.0,0.0,0.0,,0.0
神奈川県,独立行政法人労働者健康安全機構横浜労災病院,2022,0,0,0,0,0,0,0,0,0,0,0,0,Kanagawa,,,,no_notices,,,,,,,,,,,,,
神奈川県,独立行政法人労働者健康安全機構横浜労災病院,2023,0,0,0,0,0,0,0,0,0,0,0,0,Kanagawa,0.0,0.0,,no_notices,0.0,0.0,0.0,0.0,0.0,0.0,0.0,0.0,0.0,0.0,0.0,,0.0
神奈川県,独立行政法人労働者健康安全機構横浜労災病院,2024,0,0,0,0,0,0,0,0,0,0,0,0,Kanagawa,0.0,0.0,,no_notices,0.0,0.0,0.0,0.0,0.0,0.0,0.0,0.0,0.0,0.0,0.0,,0.0
神奈川県,独立行政法人労働者健康安全機構横浜労災病院,2025,1,0,0,0,1,0,0,0,0,0,0,0,Kanagawa,0.0,1.0,,new_or_returning,0.0,0.0,0.0,1.0,0.0,0.0,0.0,0.0,0.0,0.0,0.0,Operations and maintenance,1.0
神奈川県,独立行政法人国立病院機構久里浜医療センター,2022,3,3,0,0,0,0,0,0,0,0,0,0,Kanagawa,,,,continuing,,,,,,,,,,,,,
神奈川県,独立行政法人国立病院機構久里浜医療センター,2023,1,1,0,0,1,0,0,0,0,0,0,0,Kanagawa,3.0,-2.0,-66.66666666666667,continuing,-2.0,0.0,0.0,1.0,0.0,0.0,0.0,0.0,0.0,0.0,0.0,Operations and maintenance,1.0
神奈川県,独立行政法人国立病院機構久里浜医療センター,2024,1,1,0,0,1,0,0,0,0,0,0,0,Kanagawa,1.0,0.0,0.0,continuing,0.0,0.0,0.0,0.0,0.0,0.0,0.0,0.0,0.0,0.0,0.0,,0.0
神奈川県,独立行政法人国立病院機構久里浜医療センター,2025,1,1,0,0,1,0,0,0,0,0,0,0,Kanagawa,1.0,0.0,0.0,continuing,0.0,0.0,0.0,0.0,0.0,0.0,0.0,0.0,0.0,0.0,0.0,,0.0
神奈川県,独立行政法人国立病院機構横浜市南西部地域中核病院横浜医療センター,2022,0,0,0,0,0,0,0,0,0,0,0,0,Kanagawa,,,,no_notices,,,,,,,,,,,,,
神奈川県,独立行政法人国立病院機構横浜市南西部地域中核病院横浜医療センター,2023,2,0,0,0,2,0,0,0,0,0,0,0,Kanagawa,0.0,2.0,,new_or_returning,0.0,0.0,0.0,2.0,0.0,0.0,0.0,0.0,0.0,0.0,0.0,Operations and maintenance,2.0
神奈川県,独立行政法人国立病院機構横浜市南西部地域中核病院横浜医療センター,2024,0,0,0,0,0,0,0,0,0,0,0,0,Kanagawa,2.0,-2.0,-100.0,no_notices,0.0,0.0,0.0,-2.0,0.0,0.0,0.0,0.0,0.0,0.0,0.0,,0.0
神奈川県,独立行政法人国立病院機構横浜市南西部地域中核病院横浜医療センター,2025,0,0,0,0,0,0,0,0,0,0,0,0,Kanagawa,0.0,0.0,,no_notices,0.0,0.0,0.0,0.0,0.0,0.0,0.0,0.0,0.0,0.0,0.0,,0.0
神奈川県,独立行政法人国立病院機構神奈川病院,2022,0,0,0,0,0,0,0,0,0,0,0,0,Kanagawa,,,,no_notices,,,,,,,,,,,,,
神奈川県,独立行政法人国立病院機構神奈川病院,2023,0,0,0,0,0,0,0,0,0,0,0,0,Kanagawa,0.0,0.0,,no_notices,0.0,0.0,0.0,0.0,0.0,0.0,0.0,0.0,0.0,0.0,0.0,,0.0
神奈川県,独立行政法人国立病院機構神奈川病院,2024,0,0,0,0,0,0,0,0,0,0,0,0,Kanagawa,0.0,0.0,,no_notices,0.0,0.0,0.0,0.0,0.0,0.0,0.0,0.0,0.0,0.0,0.0,,0.0
神奈川県,独立行政法人国立病院機構神奈川病院,2025,1,1,0,0,0,0,0,0,0,0,0,0,Kanagawa,0.0,1.0,,new_or_returning,1.0,0.0,0.0,0.0,0.0,0.0,0.0,0.0,0.0,0.0,0.0,System development,1.0
神奈川県,独立行政法人国立病院機構箱根病院,2022,0,0,0,0,0,0,0,0,0,0,0,0,Kanagawa,,,,no_notices,,,,,,,,,,,,,
神奈川県,独立行政法人国立病院機構箱根病院,2023,0,0,0,0,0,0,0,0,0,0,0,0,Kanagawa,0.0,0.0,,no_notices,0.0,0.0,0.0,0.0,0.0,0.0,0.0,0.0,0.0,0.0,0.0,,0.0
神奈川県,独立行政法人国立病院機構箱根病院,2024,0,0,0,0,0,0,0,0,0,0,0,0,Kanagawa,0.0,0.0,,no_notices,0.0,0.0,0.0,0.0,0.0,0.0,0.0,0.0,0.0,0.0,0.0,,0.0
神奈川県,独立行政法人国立病院機構箱根病院,2025,1,0,0,0,1,0,0,0,0,0,0,0,Kanagawa,0.0,1.0,,new_or_returning,0.0,0.0,0.0,1.0,0.0,0.0,0.0,0.0,0.0,0.0,0.0,Operations and maintenance,1.0
神奈川県,神奈川県秦野市,2022,4,1,0,0,1,0,0,1,0,1,0,1,Kanagawa,,,,continuing,,,,,,,,,,,,,
神奈川県,神奈川県秦野市,2023,2,0,0,0,0,0,0,0,0,2,0,0,Kanagawa,4.0,-2.0,-50.0,continuing,-1.0,0.0,0.0,-1.0,0.0,0.0,-1.0,0.0,1.0,0.0,-1.0,Data and digital,1.0
神奈川県,神奈川県秦野市,2024,1,0,0,0,1,0,0,0,0,0,0,0,Kanagawa,2.0,-1.0,-50.0,continuing,0.0,0.0,0.0,1.0,0.0,0.0,0.0,0.0,-2.0,0.0,0.0,Operations and maintenance,1.0
神奈川県,神奈川県秦野市,2025,0,0,0,0,0,0,0,0,0,0,0,0,Kanagawa,1.0,-1.0,-100.0,no_notices,0.0,0.0,0.0,-1.0,0.0,0.0,0.0,0.0,0.0,0.0,0.0,,0.0
神奈川県,神奈川県逗子市,2022,0,0,0,0,0,0,0,0,0,0,0,0,Kanagawa,,,,no_notices,,,,,,,,,,,,,
神奈川県,神奈川県逗子市,2023,0,0,0,0,0,0,0,0,0,0,0,0,Kanagawa,0.0,0.0,,no_notices,0.0,0.0,0.0,0.0,0.0,0.0,0.0,0.0,0.0,0.0,0.0,,0.0
神奈川県,神奈川県逗子市,2024,0,0,0,0,0,0,0,0,0,0,0,0,Kanagawa,0.0,0.0,,no_notices,0.0,0.0,0.0,0.0,0.0,0.0,0.0,0.0,0.0,0.0,0.0,,0.0
神奈川県,神奈川県逗子市,2025,1,0,0,0,0,0,0,1,0,0,0,0,Kanagawa,0.0,1.0,,new_or_returning,0.0,0.0,0.0,0.0,0.0,0.0,1.0,0.0,0.0,0.0,0.0,Network infrastructure,1.0
神奈川県,防衛省,2022,0,0,0,0,0,0,0,0,0,0,0,0,Kanagawa,,,,no_notices,,,,,,,,,,,,,
神奈川県,防衛省,2023,0,0,0,0,0,0,0,0,0,0,0,0,Kanagawa,0.0,0.0,,no_notices,0.0,0.0,0.0,0.0,0.0,0.0,0.0,0.0,0.0,0.0,0.0,,0.0
神奈川県,防衛省,2024,1,0,0,0,1,0,0,1,0,0,0,0,Kanagawa,0.0,1.0,,new_or_returning,0.0,0.0,0.0,1.0,0.0,0.0,1.0,0.0,0.0,0.0,0.0,Operations and maintenance | Network infrastructure,1.0
神奈川県,防衛省,2025,4,1,0,0,0,0,0,3,0,0,0,0,Kanagawa,1.0,3.0,300.0,continuing,1.0,0.0,0.0,-1.0,0.0,0.0,2.0,0.0,0.0,0.0,0.0,Network infrastructure,2.0
神奈川県,防衛省南関東防衛局,2022,0,0,0,0,0,0,0,0,0,0,0,0,Kanagawa,,,,no_notices,,,,,,,,,,,,,
神奈川県,防衛省南関東防衛局,2023,0,0,0,0,0,0,0,0,0,0,0,0,Kanagawa,0.0,0.0,,no_notices,0.0,0.0,0.0,0.0,0.0,0.0,0.0,0.0,0.0,0.0,0.0,,0.0
神奈川県,防衛省南関東防衛局,2024,1,0,0,0,1,0,0,1,0,0,0,0,Kanagawa,0.0,1.0,,new_or_returning,0.0,0.0,0.0,1.0,0.0,0.0,1.0,0.0,0.0,0.0,0.0,Operations and maintenance | Network infrastructure,1.0
神奈川県,防衛省南関東防衛局,2025,0,0,0,0,0,0,0,0,0,0,0,0,Kanagawa,1.0,-1.0,-100.0,no_notices,0.0,0.0,0.0,-1.0,0.0,0.0,-1.0,0.0,0.0,0.0,0.0,,0.0
神奈川県,防衛省防衛大学校,2022,0,0,0,0,0,0,0,0,0,0,0,0,Kanagawa,,,,no_notices,,,,,,,,,,,,,
神奈川県,防衛省防衛大学校,2023,6,2,0,1,1,2,0,2,0,0,0,0,Kanagawa,0.0,6.0,,new_or_returning,2.0,0.0,1.0,1.0,2.0,0.0,2.0,0.0,0.0,0.0,0.0,System development | Cloud | Network infrastructure,2.0
神奈川県,防衛省防衛大学校,2024,3,0,0,0,0,0,1,2,0,0,0,0,Kanagawa,6.0,-3.0,-50.0,continuing,-2.0,0.0,-1.0,-1.0,-2.0,1.0,0.0,0.0,0.0,0.0,0.0,Cybersecurity,1.0
神奈川県,防衛省防衛大学校,2025,0,0,0,0,0,0,0,0,0,0,0,0,Kanagawa,3.0,-3.0,-100.0,no_notices,0.0,0.0,0.0,0.0,0.0,-1.0,-2.0,0.0,0.0,0.0,0.0,,0.0
神奈川県,防衛省陸上自衛隊久里浜駐屯地,2022,0,0,0,0,0,0,0,0,0,0,0,0,Kanagawa,,,,no_notices,,,,,,,,,,,,,
神奈川県,防衛省陸上自衛隊久里浜駐屯地,2023,0,0,0,0,0,0,0,0,0,0,0,0,Kanagawa,0.0,0.0,,no_notices,0.0,0.0,0.0,0.0,0.0,0.0,0.0,0.0,0.0,0.0,0.0,,0.0
神奈川県,防衛省陸上自衛隊久里浜駐屯地,2024,5,0,0,0,2,0,0,3,0,0,0,0,Kanagawa,0.0,5.0,,new_or_returning,0.0,0.0,0.0,2.0,0.0,0.0,3.0,0.0,0.0,0.0,0.0,Network infrastructure,3.0
神奈川県,防衛省陸上自衛隊久里浜駐屯地,2025,0,0,0,0,0,0,0,0,0,0,0,0,Kanagawa,5.0,-5.0,-100.0,no_notices,0.0,0.0,0.0,-2.0,0.0,0.0,-3.0,0.0,0.0,0.0,0.0,,0.0
福岡県,国土交通省,2022,0,0,0,0,0,0,0,0,0,0,0,0,Fukuoka,,,,no_notices,,,,,,,,,,,,,
福岡県,国土交通省,2023,0,0,0,0,0,0,0,0,0,0,0,0,Fukuoka,0.0,0.0,,no_notices,0.0,0.0,0.0,0.0,0.0,0.0,0.0,0.0,0.0,0.0,0.0,,0.0
福岡県,国土交通省,2024,3,2,0,0,2,0,0,1,0,0,0,0,Fukuoka,0.0,3.0,,new_or_returning,2.0,0.0,0.0,2.0,0.0,0.0,1.0,0.0,0.0,0.0,0.0,System development | Operations and maintenance,2.0
福岡県,国土交通省,2025,0,0,0,0,0,0,0,0,0,0,0,0,Fukuoka,3.0,-3.0,-100.0,no_notices,-2.0,0.0,0.0,-2.0,0.0,0.0,-1.0,0.0,0.0,0.0,0.0,,0.0
福岡県,国土交通省九州地方整備局,2022,1,1,0,0,1,0,0,0,0,0,0,0,Fukuoka,,,,continuing,,,,,,,,,,,,,
福岡県,国土交通省九州地方整備局,2023,1,1,0,0,1,0,0,0,0,0,0,0,Fukuoka,1.0,0.0,0.0,continuing,0.0,0.0,0.0,0.0,0.0,0.0,0.0,0.0,0.0,0.0,0.0,,0.0
福岡県,国土交通省九州地方整備局,2024,2,1,0,0,1,0,0,1,0,0,0,0,Fukuoka,1.0,1.0,100.0,continuing,0.0,0.0,0.0,0.0,0.0,0.0,1.0,0.0,0.0,0.0,0.0,Network infrastructure,1.0
福岡県,国土交通省九州地方整備局,2025,1,0,0,0,1,0,0,0,0,0,0,0,Fukuoka,2.0,-1.0,-50.0,continuing,-1.0,0.0,0.0,0.0,0.0,0.0,-1.0,0.0,0.0,0.0,0.0,,0.0
福岡県,国家公安委員会（警察庁）福岡県警察,2022,2,0,0,0,1,0,0,0,0,1,0,0,Fukuoka,,,,continuing,,,,,,,,,,,,,
福岡県,国家公安委員会（警察庁）福岡県警察,2023,3,0,0,0,1,0,0,1,0,1,0,0,Fukuoka,2.0,1.0,50.0,continuing,0.0,0.0,0.0,0.0,0.0,0.0,1.0,0.0,0.0,0.0,0.0,Network infrastructure,1.0
福岡県,国家公安委員会（警察庁）福岡県警察,2024,2,0,0,0,1,0,0,0,0,1,0,0,Fukuoka,3.0,-1.0,-33.333333333333336,continuing,0.0,0.0,0.0,0.0,0.0,0.0,-1.0,0.0,0.0,0.0,0.0,,0.0
福岡県,国家公安委員会（警察庁）福岡県警察,2025,3,1,0,0,1,0,0,0,0,1,0,0,Fukuoka,2.0,1.0,50.0,continuing,1.0,0.0,0.0,0.0,0.0,0.0,0.0,0.0,0.0,0.0,0.0,System development,1.0
福岡県,国立大学法人九州工業大学,2022,6,2,0,3,0,1,0,1,0,0,2,0,Fukuoka,,,,continuing,,,,,,,,,,,,,
福岡県,国立大学法人九州工業大学,2023,1,0,0,0,0,0,0,0,0,0,1,0,Fukuoka,6.0,-5.0,-83.33333333333334,continuing,-2.0,0.0,-3.0,0.0,-1.0,0.0,-1.0,0.0,0.0,-1.0,0.0,,0.0
福岡県,国立大学法人九州工業大学,2024,0,0,0,0,0,0,0,0,0,0,0,0,Fukuoka,1.0,-1.0,-100.0,no_notices,0.0,0.0,0.0,0.0,0.0,0.0,0.0,0.0,0.0,-1.0,0.0,,0.0
福岡県,国立大学法人九州工業大学,2025,0,0,0,0,0,0,0,0,0,0,0,0,Fukuoka,0.0,0.0,,no_notices,0.0,0.0,0.0,0.0,0.0,0.0,0.0,0.0,0.0,0.0,0.0,,0.0
福岡県,独立行政法人国立病院機構九州がんセンター,2022,1,0,0,0,1,0,0,0,0,0,0,0,Fukuoka,,,,continuing,,,,,,,,,,,,,
福岡県,独立行政法人国立病院機構九州がんセンター,2023,0,0,0,0,0,0,0,0,0,0,0,0,Fukuoka,1.0,-1.0,-100.0,no_notices,0.0,0.0,0.0,-1.0,0.0,0.0,0.0,0.0,0.0,0.0,0.0,,0.0
福岡県,独立行政法人国立病院機構九州がんセンター,2024,1,0,0,1,0,0,0,0,0,0,0,0,Fukuoka,0.0,1.0,,new_or_returning,0.0,0.0,1.0,0.0,0.0,0.0,0.0,0.0,0.0,0.0,0.0,Software and applications,1.0
福岡県,独立行政法人国立病院機構九州がんセンター,2025,0,0,0,0,0,0,0,0,0,0,0,0,Fukuoka,1.0,-1.0,-100.0,no_notices,0.0,0.0,-1.0,0.0,0.0,0.0,0.0,0.0,0.0,0.0,0.0,,0.0
福岡県,独立行政法人国立病院機構九州医療センター,2022,1,0,0,1,0,0,0,0,0,0,0,0,Fukuoka,,,,continuing,,,,,,,,,,,,,
福岡県,独立行政法人国立病院機構九州医療センター,2023,0,0,0,0,0,0,0,0,0,0,0,0,Fukuoka,1.0,-1.0,-100.0,no_notices,0.0,0.0,-1.0,0.0,0.0,0.0,0.0,0.0,0.0,0.0,0.0,,0.0
福岡県,独立行政法人国立病院機構九州医療センター,2024,0,0,0,0,0,0,0,0,0,0,0,0,Fukuoka,0.0,0.0,,no_notices,0.0,0.0,0.0,0.0,0.0,0.0,0.0,0.0,0.0,0.0,0.0,,0.0
福岡県,独立行政法人国立病院機構九州医療センター,2025,1,0,0,0,1,0,0,0,0,0,0,0,Fukuoka,0.0,1.0,,new_or_returning,0.0,0.0,0.0,1.0,0.0,0.0,0.0,0.0,0.0,0.0,0.0,Operations and maintenance,1.0
福岡県,独立行政法人国立病院機構大牟田病院,2022,0,0,0,0,0,0,0,0,0,0,0,0,Fukuoka,,,,no_notices,,,,,,,,,,,,,
福岡県,独立行政法人国立病院機構大牟田病院,2023,1,1,0,0,0,0,0,0,0,0,0,1,Fukuoka,0.0,1.0,,new_or_returning,1.0,0.0,0.0,0.0,0.0,0.0,0.0,0.0,0.0,0.0,1.0,System development | IT consulting and planning,1.0
福岡県,独立行政法人国立病院機構大牟田病院,2024,0,0,0,0,0,0,0,0,0,0,0,0,Fukuoka,1.0,-1.0,-100.0,no_notices,-1.0,0.0,0.0,0.0,0.0,0.0,0.0,0.0,0.0,0.0,-1.0,,0.0
福岡県,独立行政法人国立病院機構大牟田病院,2025,1,0,0,0,1,0,0,0,0,0,0,0,Fukuoka,0.0,1.0,,new_or_returning,0.0,0.0,0.0,1.0,0.0,0.0,0.0,0.0,0.0,0.0,0.0,Operations and maintenance,1.0
福岡県,独立行政法人国立病院機構小倉医療センター,2022,0,0,0,0,0,0,0,0,0,0,0,0,Fukuoka,,,,no_notices,,,,,,,,,,,,,
福岡県,独立行政法人国立病院機構小倉医療センター,2023,1,0,0,0,1,0,0,0,0,0,0,0,Fukuoka,0.0,1.0,,new_or_returning,0.0,0.0,0.0,1.0,0.0,0.0,0.0,0.0,0.0,0.0,0.0,Operations and maintenance,1.0
福岡県,独立行政法人国立病院機構小倉医療センター,2024,1,0,0,1,0,0,0,0,0,0,0,0,Fukuoka,1.0,0.0,0.0,continuing,0.0,0.0,1.0,-1.0,0.0,0.0,0.0,0.0,0.0,0.0,0.0,Software and applications,1.0
福岡県,独立行政法人国立病院機構小倉医療センター,2025,0,0,0,0,0,0,0,0,0,0,0,0,Fukuoka,1.0,-1.0,-100.0,no_notices,0.0,0.0,-1.0,0.0,0.0,0.0,0.0,0.0,0.0,0.0,0.0,,0.0
福岡県,独立行政法人国立病院機構福岡東医療センター,2022,1,0,0,0,1,0,0,0,0,0,0,0,Fukuoka,,,,continuing,,,,,,,,,,,,,
福岡県,独立行政法人国立病院機構福岡東医療センター,2023,0,0,0,0,0,0,0,0,0,0,0,0,Fukuoka,1.0,-1.0,-100.0,no_notices,0.0,0.0,0.0,-1.0,0.0,0.0,0.0,0.0,0.0,0.0,0.0,,0.0
福岡県,独立行政法人国立病院機構福岡東医療センター,2024,0,0,0,0,0,0,0,0,0,0,0,0,Fukuoka,0.0,0.0,,no_notices,0.0,0.0,0.0,0.0,0.0,0.0,0.0,0.0,0.0,0.0,0.0,,0.0
福岡県,独立行政法人国立病院機構福岡東医療センター,2025,0,0,0,0,0,0,0,0,0,0,0,0,Fukuoka,0.0,0.0,,no_notices,0.0,0.0,0.0,0.0,0.0,0.0,0.0,0.0,0.0,0.0,0.0,,0.0
福岡県,福岡県,2022,0,0,0,0,0,0,0,0,0,0,0,0,Fukuoka,,,,no_notices,,,,,,,,,,,,,
福岡県,福岡県,2023,7,3,0,0,1,1,0,1,0,1,1,0,Fukuoka,0.0,7.0,,new_or_returning,3.0,0.0,0.0,1.0,1.0,0.0,1.0,0.0,1.0,1.0,0.0,System development,3.0
福岡県,福岡県,2024,12,4,0,0,8,1,0,1,0,0,0,0,Fukuoka,7.0,5.0,71.42857142857142,continuing,1.0,0.0,0.0,7.0,0.0,0.0,0.0,0.0,-1.0,-1.0,0.0,Operations and maintenance,7.0
福岡県,福岡県,2025,2,2,0,0,1,0,0,0,0,0,0,0,Fukuoka,12.0,-10.0,-83.33333333333334,continuing,-2.0,0.0,0.0,-7.0,-1.0,0.0,-1.0,0.0,0.0,0.0,0.0,,0.0
福岡県,福岡県久留米市,2022,0,0,0,0,0,0,0,0,0,0,0,0,Fukuoka,,,,no_notices,,,,,,,,,,,,,
福岡県,福岡県久留米市,2023,1,0,0,0,0,0,0,0,0,1,0,0,Fukuoka,0.0,1.0,,new_or_returning,0.0,0.0,0.0,0.0,0.0,0.0,0.0,0.0,1.0,0.0,0.0,Data and digital,1.0
福岡県,福岡県久留米市,2024,1,0,0,0,0,0,0,0,0,1,0,0,Fukuoka,1.0,0.0,0.0,continuing,0.0,0.0,0.0,0.0,0.0,0.0,0.0,0.0,0.0,0.0,0.0,,0.0
福岡県,福岡県久留米市,2025,0,0,0,0,0,0,0,0,0,0,0,0,Fukuoka,1.0,-1.0,-100.0,no_notices,0.0,0.0,0.0,0.0,0.0,0.0,0.0,0.0,-1.0,0.0,0.0,,0.0
福岡県,経済産業省,2022,0,0,0,0,0,0,0,0,0,0,0,0,Fukuoka,,,,no_notices,,,,,,,,,,,,,
福岡県,経済産業省,2023,1,0,0,0,0,0,0,0,0,1,0,0,Fukuoka,0.0,1.0,,new_or_returning,0.0,0.0,0.0,0.0,0.0,0.0,0.0,0.0,1.0,0.0,0.0,Data and digital,1.0
福岡県,経済産業省,2024,0,0,0,0,0,0,0,0,0,0,0,0,Fukuoka,1.0,-1.0,-100.0,no_notices,0.0,0.0,0.0,0.0,0.0,0.0,0.0,0.0,-1.0,0.0,0.0,,0.0
福岡県,経済産業省,2025,0,0,0,0,0,0,0,0,0,0,0,0,Fukuoka,0.0,0.0,,no_notices,0.0,0.0,0.0,0.0,0.0,0.0,0.0,0.0,0.0,0.0,0.0,,0.0
福岡県,財務省,2022,0,0,0,0,0,0,0,0,0,0,0,0,Fukuoka,,,,no_notices,,,,,,,,,,,,,
福岡県,財務省,2023,0,0,0,0,0,0,0,0,0,0,0,0,Fukuoka,0.0,0.0,,no_notices,0.0,0.0,0.0,0.0,0.0,0.0,0.0,0.0,0.0,0.0,0.0,,0.0
福岡県,財務省,2024,2,0,0,2,0,0,0,0,0,0,0,0,Fukuoka,0.0,2.0,,new_or_returning,0.0,0.0,2.0,0.0,0.0,0.0,0.0,0.0,0.0,0.0,0.0,Software and applications,2.0
福岡県,財務省,2025,0,0,0,0,0,0,0,0,0,0,0,0,Fukuoka,2.0,-2.0,-100.0,no_notices,0.0,0.0,-2.0,0.0,0.0,0.0,0.0,0.0,0.0,0.0,0.0,,0.0
福岡県,防衛省,2022,0,0,0,0,0,0,0,0,0,0,0,0,Fukuoka,,,,no_notices,,,,,,,,,,,,,
福岡県,防衛省,2023,0,0,0,0,0,0,0,0,0,0,0,0,Fukuoka,0.0,0.0,,no_notices,0.0,0.0,0.0,0.0,0.0,0.0,0.0,0.0,0.0,0.0,0.0,,0.0
福岡県,防衛省,2024,1,0,0,0,1,0,0,1,0,0,0,0,Fukuoka,0.0,1.0,,new_or_returning,0.0,0.0,0.0,1.0,0.0,0.0,1.0,0.0,0.0,0.0,0.0,Operations and maintenance | Network infrastructure,1.0
福岡県,防衛省,2025,1,0,0,0,1,0,0,1,0,0,0,0,Fukuoka,1.0,0.0,0.0,continuing,0.0,0.0,0.0,0.0,0.0,0.0,0.0,0.0,0.0,0.0,0.0,,0.0
福岡県,防衛省九州防衛局,2022,1,0,0,0,1,0,0,1,0,0,0,0,Fukuoka,,,,continuing,,,,,,,,,,,,,
福岡県,防衛省九州防衛局,2023,1,0,0,0,1,0,0,1,0,0,0,0,Fukuoka,1.0,0.0,0.0,continuing,0.0,0.0,0.0,0.0,0.0,0.0,0.0,0.0,0.0,0.0,0.0,,0.0
福岡県,防衛省九州防衛局,2024,1,0,0,0,1,0,0,1,0,0,0,0,Fukuoka,1.0,0.0,0.0,continuing,0.0,0.0,0.0,0.0,0.0,0.0,0.0,0.0,0.0,0.0,0.0,,0.0
福岡県,防衛省九州防衛局,2025,0,0,0,0,0,0,0,0,0,0,0,0,Fukuoka,1.0,-1.0,-100.0,no_notices,0.0,0.0,0.0,-1.0,0.0,0.0,-1.0,0.0,0.0,0.0,0.0,,0.0
